カード名,実装日,あいさつ_アイドルコメント,あいさつ_マイスタジオ1,あいさつ_マイスタジオ2,あいさつ_マイスタジオ3,あいさつ_マイスタジオ4,お仕事_お仕事1,お仕事_お仕事2,お仕事_お仕事3,お仕事_お仕事4,お仕事_親愛度UP,お仕事_LIVEバトル,親愛度MAX_マイスタジオ,親愛度MAX_お仕事,親愛度MAX_演出,カード性能_レアリティ,カード性能_最大Lv,カード性能_コスト,カード性能_最大攻,カード性能_初期攻,カード性能_最大守,カード性能_初期守,カード性能_特技,カード性能_効果1,カード性能_効果2,関連ページ1,関連ページ2,関連ページ3,関連ページ4,関連ページ5,関連ページ6,関連ページ7,関連ページ8,関連ページ9,関連ページ10,関連ページ11,関連ページ12,関連ページ13,関連ページ14,関連ページ15,関連ページ16,関連ページ17,関連ページ18,関連ページ19,関連ページ20
佐藤心,2014/2/19,はぁ～い♪ｱﾅﾀのはぁとをｼｭｶﾞｼｭｶﾞｽｳｨｰﾄ☆さとうしんことしゅがｰはぁとだよぉ☆…あれぇ､おかしいなぁｰ? 反応が聞こえないぞ? もう一回､ｱﾅﾀのはぁとをｼｭｶﾞｼ…えっ? もういい? え?,はぁとはとってもｽｳｨｰﾃｨｰ♪,ｼｭｶﾞｰﾊｧﾄって呼んでね! 呼べ☆,名前が心だから､はぁとなのｰ!,ｶﾜｲｲ服作るのも着るのも好き♪これも自作ぅ…貧乏とは違う☆,ｼｭｶﾞｼｭｶﾞ☆ﾊｧﾄﾋﾞｰﾑ☆,失敗してｰも気にしなｰい☆,お疲れっしたｰ…あ､なぁに☆,はぁとはざんねんな子じゃないもん! もう､ぷｰんぷん!,やｰん､歳は聞いちゃらめらめなのｰ! 水飴入り練乳飲むぅ?,ｽｳｨｰﾃｨｰ♪,ﾌﾟﾛﾃﾞｭｰｻｰも､はぁとと一緒にｰ…せｰの､ｽｳｨｰﾃｨｰ! うふん♪,はぁとをもっともｰっとかわいくﾌﾟﾛﾃﾞｭｰｽしてね､ﾌﾟﾛﾃﾞｭｰｻｰ☆,はぁとは､ｱｲﾄﾞﾙとしては1年生だから､これからもたぁっくさんﾌﾟﾛﾃﾞｭｰｽしてほしいな☆…ﾄｯﾌﾟまで頼むわ☆歳が歳なんで☆,R,40,12,5100,3900,2040,1560,物理的はぁとｱﾀｯｸ,ｸｰﾙ･ﾊﾟｯｼｮﾝﾀｲﾌﾟの攻 中ｱｯﾌﾟ,,,,,,,,,,,,,,,,,,,,,
佐藤心+,2014/2/19,みんなお待たせぇ☆ｽｳｨｰﾃｨｰなｼｭｶﾞｼｭｶﾞｱｲﾄﾞﾙ､しゅがｰはぁとの登場だよ♪みんなに幸せのﾊｰﾄをﾌﾟﾚｾﾞﾝﾄしちゃう☆いやｰん､ちぎっては投げちぎっては投げ☆ほらそこ避けんなぁ～♪,はぁとはとってもｽｳｨｰﾃｨｰ♪,ｼｭｶﾞｰﾊｧﾄって呼んでね! 呼べ☆,みｰんなに愛されたｰい♪,ｽｳｨｰﾃｨｰは魔法のｺﾄﾊﾞなの｡ｽｳｨｰﾃｨｰ♪ﾘﾋﾟｰﾄｱﾌﾀｰﾐｰ♪ｽｳｨｰﾃｨｰ♪,ｼｭｶﾞｼｭｶﾞ☆ﾊｧﾄﾋﾞｰﾑ☆,失敗してｰも気にしなｰい☆,はぁと､やる気まんまｰん!,あｰん､ｱｲﾄﾞﾙちょｰ楽しいぃ☆やめらんないわｰ☆,ﾌﾟﾛﾃﾞｭｰｻｰもﾊｰﾄｶﾓﾝ☆ え､投げたくないとか言わないよねぇ☆,物理的にはぁとｱﾀｰｯｸ☆,ﾌﾟﾛﾃﾞｭｰｻｰ､はぁとのﾊｰﾄ…あなたは避けないよねぇ☆いくよｰ?,はぁとがみんなをﾒﾛﾒﾛにしちゃうもん! ﾌﾟﾛﾃﾞｭｰｻｰもぉっ☆,ﾌﾟﾛﾃﾞｭｰｻｰ､はぁとと一緒に､この厳しいｱｲﾄﾞﾙ界を生き残っていこうね☆そのためならはぁと何でもしちゃう☆裏工作とか☆,R+,50,12,6120,2448,4680,1872,物理的はぁとｱﾀｯｸ,ｸｰﾙ･ﾊﾟｯｼｮﾝﾀｲﾌﾟの攻 中ｱｯﾌﾟ,,,,,,,,,,,,,,,,,,,,,
[T.B.ｽｳｨｰﾃｨｰ]佐藤心,2014/6/24,ふんふん､一番目立つ瞬間にｺﾒﾝﾄすればいいのね☆あ､ﾌﾟﾛﾃﾞｭｰｻｰ｡はぁとはｽﾀｯﾌｩｰさんと台本の読み合わせ中よん☆…え､ﾀｲﾐﾝｸﾞ違う? もう､はぁとったら♪ごっちん☆え? 無理してない☆,ｽｳｨｰﾃｨｰ♪を流行らせるから☆,痛いじゃねｰよｶﾜいたいだよ☆,自作のお洋服♪褒められた☆,てへぺろっ☆はぁと､かわいいでしょ? かわいいって言えよ☆,ｽｳｨｰﾃｨｰに応援するから☆,がんば☆はぁとも必死だし☆,しゅがｰはぁと､ｻｲﾝ入り台本☆,ﾎﾟｰｽﾞに無理がある? ぷｰんぷん! ちょっとｾｯﾄの裏にｶﾓ-ﾝ☆,てへぺろっ☆練習の成果だぞ♪おいちゃんと見とけって☆,てへぺろりんっ♪,最近ﾌﾟﾛﾃﾞｭｰｻｰに素を見せすぎ? いやいや見せてんのよ☆,ﾌﾟﾛﾃﾞｭｰｻｰとはもう運命共同体ね♪周りに変なこと言うなよ☆,はぁとはまだまだﾌﾚｯｼｭちゃんだからお仕事お勉強中なの♪まだまだﾌﾟﾛﾃﾞｭｰｻｰにいろいろお世話になるからね☆ﾏｼﾞで☆,R,40,12,6500,2600,4800,1920,はぁとこっつんこ☆,全ﾀｲﾌﾟのﾌﾛﾝﾄﾒﾝﾊﾞｰ及びﾊﾞｯｸﾒﾝﾊﾞｰ上位1人の攻 ﾗﾝﾀﾞﾑで中～大ｱｯﾌﾟ,,,,,,,,,,,,,,,,,,,,,
[T.B.ｽｳｨｰﾃｨｰ]佐藤心+,2014/6/24,こら～､がんばらない子はどこだ～? そんな子には物理的はぁとｱﾀｯｸでがっつり気合入れちゃうぞ☆…していいのは応援だけ? いやいや応援だし? むしろ愛の応援だし? 愛は物理だし☆,ｽｳｨｰﾃｨｰ♪を流行らせるから☆,痛いじゃねｰよｶﾜいたいだよ☆,あｰどっこいせ☆疲労っ☆,はぁと天使みたいでしょ♪言わなくても分かってるからｰん☆,ｽｳｨｰﾃｨｰに応援するから☆,がんば☆はぁとも必死だし☆,はぁとの応援､受け取れｰ☆,ｴﾝｼﾞｪﾙはぁとｱﾀｯｸ､くらえｰ☆おい悪役つったの誰だよ☆,あなたのｴﾝｼﾞｪﾙ! しゅがｰはぁと♪いらないとか言うなよぉ☆,ｴﾝｼﾞｪﾙ☆はぁと☆ｵﾙﾙﾙﾙｧｯ!,ﾌﾟﾛﾃﾞｭｰｻｰ､はぁとに応援されたいって顔してる♪してるから☆,ｼｭｶﾞｰﾊｰﾄに応援されるなんて､ﾌﾟﾛﾃﾞｭｰｻｰは幸せ者なんだぞ☆,はぁｰ､結構体力使うわﾏｼﾞで｡肩が…あ､ﾌﾟﾛﾃﾞｭｰｻｰ☆はぁとに物理的な応援ちょうだい☆具体的に言うと肩と腰♪はやくぅ☆,R+,50,12,7800,3120,5760,2304,はぁとこっつんこ☆,全ﾀｲﾌﾟのﾌﾛﾝﾄﾒﾝﾊﾞｰ及びﾊﾞｯｸﾒﾝﾊﾞｰ上位1人の攻 大ｱｯﾌﾟ,,,,,,,,,,,,,,,,,,,,,
[ﾈｸｽﾄｽﾀｰI.C]佐藤心+,2014/9/30,はぁとは今日の撮影のためにおﾆｭｰのお洋服おろしてきちゃったの☆もちろんはぁとの手作りよん☆ｶﾜｲｲだけじゃなくてちょっとだけｾｸｽｨｰさもﾌﾟﾗｽして､新しいはぁとを見せちゃお♪,ｶﾜｲｲ! ｾｸｽｨｰ! ｽｳｨｰﾃｨｰ♪,腰の捻りが意外に…あ､こら～!,この衣装､ｻｲﾄﾞが超ｾｸｽｨｰ!,まだまだはぁとはﾋﾟﾁﾋﾟﾁでしょ♪え? ｻｲｽﾞの話じゃねぇよ☆,ﾎﾟｰｽﾞの練習は毎日してるし☆,ｶﾒﾗﾏﾝさん､肌に寄っちゃらめ☆,ﾗﾌﾞﾘｰﾊｰﾄではいﾎﾟｰｽﾞ♪,にょわｰVSｽｳｨｰﾃｨｰ♪はぁと､負けないもん! 何とか言えよｰ☆,ﾌﾟﾛﾃﾞｭｰｻｰもいつもよりｽｳｨｰﾃｨｰなはぁとを楽しんじゃってｰ☆,ｾｸｽｨｰ☆はぁとﾋﾞｰﾑ☆,ﾌﾟﾛﾃﾞｭｰｻｰもｾｸｽｨｰなはぁとに見惚れちゃった? このこの～☆,ﾌﾟﾛﾃﾞｭｰｻｰも写真撮りたい? いいから撮れよ☆特別なんだぞ♪,ﾌﾟﾛﾃﾞｭｰｻｰ､はぁと気付いたの｡はぁとは周りの子よりちょっとｵﾄﾅだけど､だったらｵﾄﾅのはぁとの魅力を見せちゃおうって♪,R+,50,13,7200,2880,6900,2760,はぁとの挑戦,ﾊﾟｯｼｮﾝﾀｲﾌﾟの攻守 中ｱｯﾌﾟ,,,,,,,,,,,,,,,,,,,,,
[ﾊｰﾄ･ﾓﾃﾞﾙ]佐藤心,2014/9/30,みんなでお揃いのｵｼｬｶﾜなお洋服着てﾗﾝｳｪｲ歩いたら素敵だと思って…ほらぁ! はぁとがみんなの分の衣装を作ってきちゃったの♪はぁとのお洋服もﾌｧｯｼｮﾝｼｮｰﾃﾞﾋﾞｭｰしちゃうかも～☆,いつも以上にはりきってるの☆,お肌の手入れはﾊﾞｯﾁﾘよ☆,いっぱい衣装作っちゃった♪,きらりちゃんこれ着て! ほたるちゃんはこっちね? ね! ね☆,ﾌｧｯｼｮﾝならはぁとにおまかせ♪,はぁとったらとってもｾｸｽｨｰ☆,衣装合わせも大事なﾚｯｽﾝよ☆,気合の入った衣装でいいっしょ☆…あ､いいよね? いいだろ☆,はぁとの目がｷﾗｷﾗしてる? もぉ～ﾌﾟﾛﾃﾞｭｰｻｰのせいなんだぞ☆,らんらんﾎﾟｼﾞﾃｨﾌﾞはぁと♪,実はﾌﾟﾛﾃﾞｭｰｻｰの衣装も用意してるの☆みんなでお揃いしよ☆,はぁとが輝けるお仕事くれて､ﾌﾟﾛﾃﾞｭｰｻｰの手腕にﾒﾛﾒﾛ～♪,お洋服は用意してあるから､はぁとのはらめぇ? じゃあ､とりあえず今着てみましょ? ね､いいでしょﾌﾟﾛﾃﾞｭｰｻ-? いいだろ☆,SR,60,13,7250,2900,6700,2680,ｲﾀｽﾞﾗｽｳｨｰﾃｨｰ,ｷｭｰﾄ･ﾊﾟｯｼｮﾝのﾌﾛﾝﾄﾒﾝﾊﾞｰ及びﾊﾞｯｸﾒﾝﾊﾞｰ上位1人の攻守 特大ｱｯﾌﾟ,,,,,,,,,,,,,,,,,,,,,
[ﾊｰﾄ･ﾓﾃﾞﾙ]佐藤心+,2014/9/30,みんな若くてﾋﾟﾁﾋﾟﾁ…はぁとはﾄﾞｷﾄﾞｷ…｡ﾀﾞﾒよはぁと､弱気になっちゃらめぇ! みんなに負けないはぁとの魅力を見せちゃうんだから! ﾌﾟﾛﾃﾞｭｰｻｰも見守っててね､はぁといっきまｰす☆,いつも以上にはりきってるの☆,お肌の手入れはﾊﾞｯﾁﾘよ☆,これ､やってみたかったの♪,ｷﾞﾘｷﾞﾘ見えない､見せないはぁとのｽﾍﾟｼｬﾙﾃｸﾆｯｸ♪うっふ～ん☆,ﾌｧｯｼｮﾝならはぁとにおまかせ♪,はぁとったらとってもｾｸｽｨｰ☆,いや～ん♪うっふ～ん☆,千鶴ちゃん! ﾗﾝｳｪｲではもっとｽｳｨｰﾃｨｰに! え､よく分からない?,はぁとのﾗﾌﾞﾘｰでｽｳｨｰﾃｨｰなﾊｰﾄで夢中にさせちゃうんだぞ☆,まいっちゃう～ん☆,ﾌﾟﾛﾃﾞｭｰｻｰ…はぁと…本当は…すっごく恥ずかしいんだぞ☆,はぁとにここまでさせたんだからぁ､ちゃんと責任…とれよ☆,はぁと､やり過ぎちゃった☆てへぺろ♪でもみんなはぁとに夢中だったから大成功☆いや～ん､ﾌﾟﾛﾃﾞｭｰｻｰったらまだ夢中～♪,SR+,70,13,8700,3480,8040,3216,ｲﾀｽﾞﾗｽｳｨｰﾃｨｰ,ｷｭｰﾄ･ﾊﾟｯｼｮﾝのﾌﾛﾝﾄﾒﾝﾊﾞｰ及びﾊﾞｯｸﾒﾝﾊﾞｰ上位1人の攻守 ﾗﾝﾀﾞﾑで特大～極大ｱｯﾌﾟ,,,,,,,,,,,,,,,,,,,,,
[ﾊｰﾄ･ﾓﾃﾞﾙ･S]佐藤心,2014/9/30,みんなでお揃いのｵｼｬｶﾜなお洋服着てﾗﾝｳｪｲ歩いたら素敵だと思って…ほらぁ! はぁとがみんなの分の衣装を作ってきちゃったの♪はぁとのお洋服もﾌｧｯｼｮﾝｼｮｰﾃﾞﾋﾞｭｰしちゃうかも～☆,いつも以上にはりきってるの☆,お肌の手入れはﾊﾞｯﾁﾘよ☆,いっぱい衣装作っちゃった♪,きらりちゃんこれ着て! ほたるちゃんはこっちね? ね! ね☆,ﾌｧｯｼｮﾝならはぁとにおまかせ♪,はぁとったらとってもｾｸｽｨｰ☆,衣装合わせも大事なﾚｯｽﾝよ☆,気合の入った衣装でいいっしょ☆…あ､いいよね? いいだろ☆,はぁとの目がｷﾗｷﾗしてる? もぉ～ﾌﾟﾛﾃﾞｭｰｻｰのせいなんだぞ☆,らんらんﾎﾟｼﾞﾃｨﾌﾞはぁと♪,実はﾌﾟﾛﾃﾞｭｰｻｰの衣装も用意してるの☆みんなでお揃いしよ☆,はぁとが輝けるお仕事くれて､ﾌﾟﾛﾃﾞｭｰｻｰの手腕にﾒﾛﾒﾛ～♪,お洋服は用意してあるから､はぁとのはらめぇ? じゃあ､とりあえず今着てみましょ? ね､いいでしょﾌﾟﾛﾃﾞｭｰｻ-? いいだろ☆,SR,60,18,10450,4180,10500,4200,ｲﾀｽﾞﾗｽｳｨｰﾃｨｰ,ｷｭｰﾄ･ﾊﾟｯｼｮﾝﾀｲﾌﾟの攻守 ﾗﾝﾀﾞﾑで大～特大ｱｯﾌﾟ,,,,,,,,,,,,,,,,,,,,,
[ﾊｰﾄ･ﾓﾃﾞﾙ･S]佐藤心+,2014/9/30,みんな若くてﾋﾟﾁﾋﾟﾁ…はぁとはﾄﾞｷﾄﾞｷ…｡ﾀﾞﾒよはぁと､弱気になっちゃらめぇ! みんなに負けないはぁとの魅力を見せちゃうんだから! ﾌﾟﾛﾃﾞｭｰｻｰも見守っててね､はぁといっきまｰす☆,いつも以上にはりきってるの☆,お肌の手入れはﾊﾞｯﾁﾘよ☆,これ､やってみたかったの♪,ｷﾞﾘｷﾞﾘ見えない､見せないはぁとのｽﾍﾟｼｬﾙﾃｸﾆｯｸ♪うっふ～ん☆,ﾌｧｯｼｮﾝならはぁとにおまかせ♪,はぁとったらとってもｾｸｽｨｰ☆,いや～ん♪うっふ～ん☆,千鶴ちゃん! ﾗﾝｳｪｲではもっとｽｳｨｰﾃｨｰに! え､よく分からない?,はぁとのﾗﾌﾞﾘｰでｽｳｨｰﾃｨｰなﾊｰﾄで夢中にさせちゃうんだぞ☆,まいっちゃう～ん☆,ﾌﾟﾛﾃﾞｭｰｻｰ…はぁと…本当は…すっごく恥ずかしいんだぞ☆,はぁとにここまでさせたんだからぁ､ちゃんと責任…とれよ☆,はぁと､やり過ぎちゃった☆てへぺろ♪でもみんなはぁとに夢中だったから大成功☆いや～ん､ﾌﾟﾛﾃﾞｭｰｻｰったらまだ夢中～♪,SR+,70,18,12540,5016,12600,5040,ｲﾀｽﾞﾗｽｳｨｰﾃｨｰ,ｷｭｰﾄ･ﾊﾟｯｼｮﾝﾀｲﾌﾟの攻守 ﾗﾝﾀﾞﾑで特大～極大ｱｯﾌﾟ,,,,,,,,,,,,,,,,,,,,,
[えんじぇるはぁと]佐藤心,2015/1/20,はぁん! もっとよ! もっと激しくぅ! ってﾌﾟﾛﾃﾞｭｰｻｰ? いや～ん､恥ずかしいところ見られちゃった! てへぺろっ☆ って引くなよｰ☆ ﾓｸﾞﾗ叩きにも本気になるお茶目なはぁとなんだから♪,激しくってもｽｳｨｰﾃｨｰ♪,はぁとはやり過ぎちゃうの☆,これ､いいﾀﾞｲｴｯﾄになるわ♪,はぁとはｵﾌの日でも目立って困っちゃう～♪いやこれはﾏｼﾞで,はぁとの本気､見せたげる♪,はぁと､がんばる! 引くなよ☆,はぁとって､さいこぉ～♪,たくさんの視線を感じるぞ! はぁとのﾎﾞﾃﾞｨが熱くなるのぉ!,どんなことでも本気で取り組むのがはぁとのいいところだし☆,物理的はぁとｱﾀｯｸ二刀流☆,ﾌﾟﾛﾃﾞｭｰｻｰもはぁとと体験すれば分かる! 気持ちいいんだぞ☆,ﾌﾟﾛﾃﾞｭｰｻｰと一緒なら何も怖くない! 独りでも､怖くないけど☆,楽しいことには全力で! それがはぁとｽﾀｲﾙ☆もちろんｱｲﾄﾞﾙにも全力だぞ♪だからﾌﾟﾛﾃﾞｭｰｻｰもはぁとに全力ね☆これﾏｼﾞで☆,SR,60,20,14750,5900,10650,4260,ｽﾍﾟｼｬﾙはぁとｱﾀｯｸ,ﾊﾟｯｼｮﾝのﾌﾛﾝﾄﾒﾝﾊﾞｰ及びﾊﾞｯｸﾒﾝﾊﾞｰ上位2人の攻 極大ｱｯﾌﾟ,,,,,,,,,,,,,,,,,,,,,
[えんじぇるはぁと]佐藤心+,2015/1/20,飛んでる! はぁと飛んでるのぉ! みんな分かったでしょ? はぁとは本当にｴﾝｼﾞｪﾙなんだぞ☆こらぁ､背中のﾜｲﾔｰは見るな☆そんな悪い子には狙撃版はぁとｱﾀｯｸを食らわせちゃうぞ☆,激しくってもｽｳｨｰﾃｨｰ♪,はぁとはやり過ぎちゃうの☆,いや～ん､まいっちゃう～☆,はぁとはみんなのｴﾝｼﾞｪﾙだからこれくらい普通なの☆,はぁとの本気､見せたげる♪,はぁと､がんばる! 引くなよ☆,みんなのえんじぇるだぞ♪,はぁとの想い､受け取って♪はぁとがﾊｰﾄ狙い撃ち☆くらえｰ!,ﾌﾟﾛﾃﾞｭｰｻｰにはあとで特別なはぁとｱﾀｯｸをお見舞いするわ☆,はぁとｱﾀｯｸで狙い撃ち☆,ﾌﾟﾛﾃﾞｭｰｻｰだけのｴﾝｼﾞｪﾙになっても…おいおい逃げんなよ☆,ﾌﾟﾛﾃﾞｭｰｻｰだけじゃなくて､みんなも喜ばせるんだぞ☆うふっ♪,みんながはぁとを求めてくれて気持ちいい～♪ﾌﾟﾛﾃﾞｭｰｻｰも喜んでくれるよね? 喜べよｰ☆んもぉ､はぁとぶっ飛び～♪,SR+,70,20,17700,7080,12780,5112,ｽﾍﾟｼｬﾙはぁとｱﾀｯｸ,ﾊﾟｯｼｮﾝのﾌﾛﾝﾄﾒﾝﾊﾞｰ及びﾊﾞｯｸﾒﾝﾊﾞｰ上位2人の攻 絶大ｱｯﾌﾟ,,,,,,,,,,,,,,,,,,,,,
[はぁとの嫁入り]佐藤心,2015/5/31,今日のはぁとは和服なのん♪いつものｽｳｨｰﾃｨｰなしゅがｰはぁともいいけど､和風すうぃｰてぃｰなはぁともいいでしょ☆和服美人が見れて､ﾌﾟﾛﾃﾞｭｰｻｰってば幸せ者だぞ♪もっと喜べよ☆,和風すうぃｰてぃｰ☆いやん♪,はぁとったら大和撫子でしょ☆,うふ♪はぁと､お嫁さんだぞ☆,帯､きっついわぁ｡…太ってるわけじゃないぞ! これﾏｼﾞで☆,お着物って気が引き締まるの☆,素敵なお着物､うれすぃ～☆,お着物ひら～ん♪てへっ☆,結婚ね…友達が次々と…｡でもほら､はぁとはｱｲﾄﾞﾙだから☆,この勢いで､はぁとの家族にもご挨拶だぞ♪ほら､れっつごｰ☆,ｼﾞｬﾊﾟﾆｰｽﾞはぁと♪,相手がいないと雰囲気でないし､ﾌﾟﾛﾃﾞｭｰｻｰも座って♪ほら☆,こんなにｽｳｨｰﾃｨｰでかわいいお嫁さんはいないぞ､ﾌﾟﾛﾃﾞｭｰｻｰ☆,あいだだ､足､しびれ……あ､こら､ﾌﾟﾛﾃﾞｭｰｻｰ! 笑ったら､らめでしょ! むしろ今ははぁとに手を貸すﾁｬﾝｽ! っていうか貸せよ☆,SR,60,21,15800,6320,11500,6320,おすましｽｳｨｰﾃｨｰ,ﾊﾟｯｼｮﾝのﾌﾛﾝﾄﾒﾝﾊﾞｰ及びﾊﾞｯｸﾒﾝﾊﾞｰ上位3人の攻 極大ｱｯﾌﾟ,,,,,,,,,,,,,,,,,,,,,
[はぁとの嫁入り]佐藤心+,2015/5/31,もしかして､いつもと違う雰囲気に驚いた? もぉ～､ｵﾄﾅはぁとの魅力に今頃気付くなんて､まだまだ甘いぞ☆白無垢くらい､華麗に着こなせちゃうんだからぁ♪はぁとの隣､空いてるぞ☆,和風すうぃｰてぃｰ☆いやん♪,はぁとったら大和撫子でしょ☆,つやつやﾍｱｰ♪ｵﾄﾒのたしなみ☆,白無垢ではﾏｼﾞﾒに…って､いつもだってﾏｼﾞﾒだぞ♪おい☆,お着物って気が引き締まるの☆,素敵なお着物､うれすぃ～☆,ｼｭｶﾞｰはｼｭｶﾞｰでもぉ…和三盆♪,ﾊﾟﾊﾟ､ﾏﾏ､妹のよっちゃんにも､晴れ姿をお披露目した～い♪,はぁとの隣にいるのは､いつだって…って言わせんなもぉ～☆,誓いのｽｳｨｰﾃｨｰ…,ﾌﾟﾛﾃﾞｭｰｻｰ…ううん､なごみ…｡いや～ん､恥ずかすぃ～☆,婚期が遅れても大丈夫♪なごみがいればなんとかなる☆,白無垢は相手の家風に染まるって意味があるの♪だから､はぁとをなごみ色に染めたっていいんだぞ☆…いいんだぞ☆,SR+,70,21,18960,7584,13800,5520,おすましｽｳｨｰﾃｨｰ,ﾊﾟｯｼｮﾝのﾌﾛﾝﾄﾒﾝﾊﾞｰ及びﾊﾞｯｸﾒﾝﾊﾞｰ上位3人の攻 絶大ｱｯﾌﾟ,,,,,,,,,,,,,,,,,,,,,
[ｽｳｨｰﾃｨｰ･ﾛﾜｲﾔﾙ]佐藤心,2015/11/9,わん･つｰ☆わん･つｰ､ﾀﾞﾝｽのﾘｽﾞﾑでｷｯｸ命中♪はぁとはｴｸｻｻｲｽﾞﾀｲﾑを満喫ちゅう! 休憩? まだまだ! ようやく体があったまってきたところぉ☆え､若くないのに無理すんなって? 蹴るぞ☆,動きはいつでも全盛期だもん☆,ふぅ…あ～､温泉行きたいわ～,ﾄﾚｰﾆﾝｸﾞｳｪｱはｱﾚﾝｼﾞが基本♪,体力は自信ｱﾘだよん☆時間差でｸる筋肉痛は…気にすんな☆,はぁと☆きっく炸裂♪ﾄﾞｯｾｰｲ☆,ﾌｧﾝの歓声が､はぁとの栄養☆,ｷｯｸ力が何ｷﾛか? …聞いちゃう?,いくよｰ､じゃｰんけｰん…ﾊｲｷｯｸ! あはっ､油断は禁物だぞ☆,ｽｳｨｰﾃｨｰな手作りﾄﾞﾘﾝｸ､ﾌﾟﾛﾃﾞｭｰｻｰも飲む? 間接ｷｽ☆いや～ん♪,ｻﾝﾄﾞﾊﾞｯｸﾞ気分､知っとく?,はぁと､とっておきのｷｯｸ見せちゃおっと♪ﾊｲ､そこに立って☆,ﾌﾟﾛﾃﾞｭｰｻｰは､ｽﾎﾟｰﾃｨｰなはぁともお好き? 好きって言えよ☆,ｷｯｸﾎﾞｸｻｻｲｽﾞ､はりきりすぎちゃった☆てへぺろっ♪ﾌﾟﾛﾃﾞｭｰｻｰがおだてるからだぞ☆ねぇ､次はﾘﾝｸﾞでｽﾊﾟｰﾘﾝｸﾞしてみよっか?,SR,60,18,10500,4200,10950,4380,健康的はぁとｷｯｸ,ｸｰﾙ･ﾊﾟｯｼｮﾝのﾌﾛﾝﾄﾒﾝﾊﾞｰ及びﾊﾞｯｸﾒﾝﾊﾞｰ上位1人の攻守 ﾗﾝﾀﾞﾑで大～特大ｱｯﾌﾟ,,,,,,,,,,,,,,,,,,,,,
[ｽｳｨｰﾃｨｰ･ﾛﾜｲﾔﾙ]佐藤心+,2015/11/9,はぁと☆すたいりっしゅ～☆今日のはぁとは､ｶｯｺｶﾜｲｲ感じ♪そろそろ､ｵﾄﾅでﾊｰﾄﾞなはぁとも欲しくなってきたころでしょ? え? いらない? またまたぁ～､冗談ｷﾂｲんだから♪遠慮すんな☆,動きはいつでも全盛期だもん☆,ふぅ…あ～､温泉行きたいわ～,ｶｯｺよすぎないのが魅力的☆,ここの絶対領域がｽｳｨｰﾃｨｰﾎﾟｲﾝﾄ☆おみ足ﾁﾗﾘﾝ♪見せてあげる☆,はぁと☆きっく炸裂♪ﾄﾞｯｾｰｲ☆,ﾌｧﾝの歓声が､はぁとの栄養☆,ｽｳｨｰﾃｨｰな拍手ぷりｰず☆,なんでもするのが､はぁと流♪だってそりゃもう､必死だから☆,ｽｰﾂ姿のはぁとは貴重だぞ～☆写ﾒっちゃう? 待受にしちゃう?,心にだいれくとあたっく☆,ﾈｸﾀｲの崩し方はﾌﾟﾛﾃﾞｭｰｻｰを参考にさせてもらお♪お揃い～☆,はぁとのﾗﾌﾞｿﾝｸﾞ､ﾌﾟﾛﾃﾞｭｰｻｰの心に届け☆えいえい､え～い♪,こｰいうｲﾒﾁｪﾝはﾌﾟﾗｽでしょ☆ｷｬﾗﾌﾞﾚじゃないから☆ﾌﾟﾛﾃﾞｭｰｻｰのｱｲﾃﾞｨｱ､ｽｳｨｰﾃｨｰ♪はぁとの花丸あげちゃう☆ほら､貰えよ☆,SR+,70,18,12600,5040,13140,5256,健康的はぁとｷｯｸ,ｸｰﾙ･ﾊﾟｯｼｮﾝのﾌﾛﾝﾄﾒﾝﾊﾞｰ及びﾊﾞｯｸﾒﾝﾊﾞｰ上位1人の攻守 ﾗﾝﾀﾞﾑで特大～極大ｱｯﾌﾟ,,,,,,,,,,,,,,,,,,,,,
[ﾜｰｷﾝｸﾞ･ｽｳｨｰﾃｨｰ]佐藤心,2016/2/29,ちょきちょき､ぶおおｰ! しゅがｰはぁと美容院にようこそ～☆今日はいかがなさいますか～? はぁと､ﾍｱﾒｲｸにはちょっぴり自信があるの♪でも､じっとしてないと､耳がちょっきんだぞ☆,切りすぎちゃったら､ｺﾞﾒﾝね♪,はぁとと刃物は､使いよう♪,無茶な注文には､ﾊｻﾐで…めっ☆,その歳でﾂｲﾝﾃｰﾙは痛いって? ﾉﾝﾉﾝ♪ｶﾜｲｲの間違いでしょ? ね☆,ﾊｰﾄ型に刈るね♪刈らせろ☆,立ち仕事って腰に来るわｰ☆,まとめてﾄﾞﾚｽｱｯﾌﾟしてあげる☆,身だしなみの乱れは､ｺｺﾛの乱れ! はぁとのﾃｸで大変身～☆,ﾌﾟﾛﾃﾞｭｰｻｰに､頭皮ﾏｯｻｰｼﾞ♪やさしくするから､へｰきへｰき☆,ｽｳｨｰﾃｨｰはぁとｶｯﾄ☆,ﾌﾟﾛﾃﾞｭｰｻｰの髪も､ｽｳｨｰﾃｨｰにしてあげるね♪遠慮すんな☆,お洋服は､ﾓﾁお手製☆ﾌﾟﾛﾃﾞｭｰｻｰの分も用意済み♪ﾚｯﾂ･試着☆,ﾍｱｹｱは毎日欠かさず! ｵﾝﾅﾉｺって､大変なんだからぁ～☆ﾌﾟﾛﾃﾞｭｰｻｰなら､そこんとこ…わかってくれるでしょ♪わかれよ☆,R,40,13,4400,1760,8100,3240,ﾁｮｷﾁｮｷちょきん☆,ｷｭｰﾄ･ﾊﾟｯｼｮﾝのﾌﾛﾝﾄﾒﾝﾊﾞｰ及びﾊﾞｯｸﾒﾝﾊﾞｰ上位1～2人の守 大ｱｯﾌﾟ,,,,,,,,,,,,,,,,,,,,,
[ﾜｰｷﾝｸﾞ･ｽｳｨｰﾃｨｰ]佐藤心+,2016/2/29,おっきな木も､はぁとﾁｪｰﾝｿｰでﾌﾞｯた切り☆ｱｲﾄﾞﾙも山の男も､体力勝負♪日本の未来は､職人のおっちゃんと､はぁとの肩にかかってる☆おっしゃｰ! いっくぞぉｰ☆ぎゅぃん､ぎゅぃｰん♪,切りすぎちゃったら､ｺﾞﾒﾝね♪,はぁとと刃物は､使いよう♪,二丁差しの装備､よｰし☆,おっちゃんたちの苦労話に……ﾔﾊﾞ､つい涙腺が｡…ぐすんっ☆,ﾊｰﾄ型に刈るね♪刈らせろ☆,立ち仕事って腰に来るわｰ☆,おｲﾀすると､間引いちゃうぞ☆,汗水流して働くって気持ちいい～☆ｸｾになっちゃいそｰ♪,山の中で林業生活も悪くないかも☆って､こら置いてくなぁ!,ｽｲｯﾁ･ｵ～ﾝ☆ぎゅぃｰん☆,はぁとお手製のｵﾘｼﾞﾅﾙ民芸品をﾌﾟﾚｾﾞﾝﾄ～♪机に飾れよ☆,ﾌﾟﾛﾃﾞｭｰｻｰがくれたお仕事だもん♪力仕事でも､はぁとは全力☆,はぁとはﾌﾟﾛﾃﾞｭｰｻｰと一緒に､ｱｲﾄﾞﾙという山をじゃんじゃん切り拓いていくの♪だ･か･らぁ～､はぁとのことﾓﾘﾓﾘ開拓しろよ☆,R+,50,13,5280,2112,9720,3888,ﾁｮｷﾁｮｷちょきん☆,ｷｭｰﾄ･ﾊﾟｯｼｮﾝのﾌﾛﾝﾄﾒﾝﾊﾞｰ及びﾊﾞｯｸﾒﾝﾊﾞｰ上位2人の守 大ｱｯﾌﾟ,,,,,,,,,,,,,,,,,,,,,
[常夏ﾊﾟﾗﾀﾞｲｽ]佐藤心,2016/7/31,す･き･あ･り☆ｼｭｰｯ!! ﾌﾟﾛﾃﾞｭｰｻｰのﾊｰﾄにﾅｲｽﾋｯﾄ♪はぁとの勝ち～☆青い海､白い砂浜､艶めかしいﾋﾞｷﾆはぁととｲﾁｬｺﾗﾄﾞﾘｰﾑ…うう～ん､ｽｳｨｰﾃｨｰ♪ｸﾞｯとくるｼﾁｭｴｰｼｮﾝでしょｰ? 頷けよ☆,丸ごとｽｳｨｰﾃｨｰな常夏ﾘｿﾞｰﾄ☆,脱いでも後悔しなｰい☆多分☆,ｾｸｽｨｰすぎて心臓ﾊﾞｧﾝかもぉ♪,海水はお肌にいいってﾏｼﾞ? すりすりすり…ほら､手伝え☆,水着のはぁと､感じてね☆,ﾋﾞｰﾁの妖精…So ｽｳｨｰﾃｨｰ☆,水は体力使うわｰ…ふぃｰ…,ﾊｰﾄを狙い撃つのは得意だし☆ほらほら､逃げちゃらめぇ～☆,撃つ時も撃たれる時も､ﾌﾟﾛﾃﾞｭｰｻｰならはぁと…☆きゃうんっ♪,南の島のｽｳｨｰﾃｨｰ☆,ﾘｿﾞｰﾄなんだしぃ､もっと開放的になっちゃおうよ､ﾌﾟﾛﾃﾞｭｰｻｰ☆,次は､ﾌﾟﾛﾃﾞｭｰｻｰがはぁとのﾊｰﾄを撃ってね☆…外すなよ?,お互いのﾊｰﾄにｼﾞｬｽﾄﾐｰﾄ☆相討ちってとこ～? けど､ﾄｰﾀﾙでははぁとが勝ち越しちゅｰ☆だって､はぁとに釘付け…だもんね♪,SR,60,22,16950,6780,12350,4940,ｻﾏｰはぁとｱﾀｯｸ,ﾊﾟｯｼｮﾝのﾌﾛﾝﾄﾒﾝﾊﾞｰ及びﾊﾞｯｸﾒﾝﾊﾞｰ上位5人の攻 ﾗﾝﾀﾞﾑで極大～絶大ｱｯﾌﾟ,,,,,,,,,,,,,,,,,,,,,
[常夏ﾊﾟﾗﾀﾞｲｽ]佐藤心+,2016/7/31,ねぇ､ﾌﾟﾛﾃﾞｭｰｻｰ｡ふたりっきりなのって､もしかして狙ってた? あぁんっ､らめぇ! 南国ﾑｰﾄﾞに流されて､はぁとの野生が目覚めちゃう～♪ｱｲﾄﾞﾙなのにぃ～｡…って､いいから早く撮れよ☆,丸ごとｽｳｨｰﾃｨｰな常夏ﾘｿﾞｰﾄ☆,脱いでも後悔しなｰい☆多分☆,凶暴はぁとの完成☆がおｰっ!,今なら､誰も見てないよぉ…? あの太陽だけ…な～んて☆,水着のはぁと､感じてね☆,ﾋﾞｰﾁの妖精…So ｽｳｨｰﾃｨｰ☆,はぁとに魅了されちゃえ☆,正直､26のぴちぴちﾎﾞﾃﾞｨに南国の太陽､きっついわぁ☆,のんびりしてると女豹のｻｰﾋﾞｽﾀｲﾑ終わっちゃうぞ☆狙っとけ☆,くらえっ､悩殺ﾎﾞﾃﾞｨ☆,ﾌﾟﾛﾃﾞｭｰｻｰは､こｰゆｰのお好みでしょ☆知ってるんだからぁ!,女豹はいつだって襲っちゃうんだから☆ﾌﾟﾛﾃﾞｭｰｻｰ､油断大敵!,ﾌﾟﾛﾃﾞｭｰｻｰ､相変わらずｽｷだらけに見えてｽｷがない…ようなあるような♪でもいつか､はぁとが仕留めちゃうんだから☆覚悟☆,SR+,70,22,20340,8136,14820,5928,ｻﾏｰはぁとｱﾀｯｸ,ﾊﾟｯｼｮﾝのﾌﾛﾝﾄﾒﾝﾊﾞｰ及びﾊﾞｯｸﾒﾝﾊﾞｰ上位5人の攻 ﾗﾝﾀﾞﾑで絶大～超絶ｱｯﾌﾟ,,,,,,,,,,,,,,,,,,,,,
[ﾁｸｯとｽｳｨｰﾃｨｰ]佐藤心,2017/3/27,あんっ､ﾌﾟﾛﾃﾞｭｰｻｰと商店街で会うなんてぐ･う･ぜ･ん☆はぁと､お洋服に使う布を買ったの! でっもぉ､布ﾛｰﾙって女子には重いから疲れてきちゃった～♪…ほら､何か言うことあるだろ☆,ｷｭｰﾄなはぁと､見せつけるぞ☆,準備してる時間もｽｳｨｰﾃｨｰ☆,一緒に歩けて嬉しいでしょ～?,今日の服も､もち手作り♪目立ってる? ｱｲﾄﾞﾙの宿命ってﾔﾂよ☆,新しいことするってﾄﾞｷﾄﾞｷ☆,関節痛に注意☆おいこらしょ☆,ｽｳｨｰﾃｨｰなｶﾌｪ､みｰっけ☆,はぁと行きつけのお店､次は一緒に行こうね♪はい､指切り☆,ﾌﾟﾛﾃﾞｭｰｻｰの服も作ったげる☆ｻｲｽﾞ測るから､ｼﾞｯとしててね♪,るんるんｳｷｳｷはぁと♪,お洋服作りは布選びから♪ﾌﾟﾛﾃﾞｭｰｻｰの分も探してあげるね☆,一緒にお買い物♪…いやぁ～ん､ﾃﾞｰﾄみたいで照れちゃう～☆,お洋服を作るのに必要なのは､ｽｳｨｰﾃｨｰなｺｺﾛなの☆え､わかんない? え? んもう～､ﾌﾟﾛﾃﾞｭｰｻｰとはぁとの仲でしょ? 察しろ☆,R,40,14,7350,2800,7088,2700,はりきりｿｰｲﾝｸﾞ,ｷｭｰﾄ･ﾊﾟｯｼｮﾝのﾌﾛﾝﾄﾒﾝﾊﾞｰ及びﾊﾞｯｸﾒﾝﾊﾞｰ上位1人の攻守 ﾗﾝﾀﾞﾑで大～特大ｱｯﾌﾟ,,,,,,,,,,,,,,,,,,,,,
[ﾁｸｯとｽｳｨｰﾃｨｰ]佐藤心+,2017/3/27,仕立て屋はぁとが､ｱﾅﾀのお洋服をちくちくﾌﾟﾛﾃﾞｭｰｽ☆愛情込めて一針一針お縫いしま～す! 最後の仕上げは…chu☆あふんっ､これでできあがり♪ｷﾂいとか言うな☆その口､縫いつけるぞ☆,ｷｭｰﾄなはぁと､見せつけるぞ☆,準備してる時間もｽｳｨｰﾃｨｰ☆,ﾎﾟｰｽﾞのﾘｸｴｽﾄ､募集中だぞ☆,清楚ﾚﾄﾛなはぁとも魅力的～♪言ってくれないから自画自賛☆,新しいことするってﾄﾞｷﾄﾞｷ☆,関節痛に注意☆おいこらしょ☆,ｶﾒﾗのﾌﾗｯｼｭは強めで頼むわ☆,この衣装の作り､流石って感じ…やっぱﾌﾟﾛには頭上がんない☆,はぁとのかわいさで､ﾌﾟﾛﾃﾞｭｰｻｰの視線を縫い付けちゃうぞ☆,ﾊｰﾄ型に縫ったげる☆,ﾌﾟﾛﾃﾞｭｰｻｰも撮っとけ～? ｷｽ顔は､超貴重だから! ほらほらぁ☆,ﾌﾟﾛﾃﾞｭｰｻｰ､はぁとに見惚れていいよ♪って､目を逸らすなｰ☆,ｶﾜｲｲ衣装の撮影は､気分あがるわｰ☆ｱｲﾄﾞﾙって､ほんと最高☆ﾌﾟﾛﾃﾞｭｰｻｰも､はぁとをﾌﾟﾛﾃﾞｭｰｽできて幸せ者でしょ? ねっ☆,R+,50,14,11130,3360,10733,3240,はりきりｿｰｲﾝｸﾞ,ｷｭｰﾄ･ﾊﾟｯｼｮﾝのﾌﾛﾝﾄﾒﾝﾊﾞｰ及びﾊﾞｯｸﾒﾝﾊﾞｰ上位1人の攻守 特大ｱｯﾌﾟ,,,,,,,,,,,,,,,,,,,,,
[6thｱﾆﾊﾞｰｻﾘｰ]佐藤心,2017/11/28,じゃじゃｰん☆ｱﾆﾊﾞｰｻﾘｰﾓｰﾄﾞの事務所に､はぁと登場ぉ! …ほら､乃々ちゃんも入った入った! 遠慮すんな～♪ﾌﾟﾛﾃﾞｭｰｻｰ､ﾊﾟｰﾃｨｰの準備進んでる? はぁとも手伝うよ♪ていうか手伝わせろ☆,みんなの笑顔､超ｽｳｨｰﾃｨｰ♪,ﾊｰﾄも化粧もﾉﾘﾉﾘだぞ♪,記念日ﾓｰﾄﾞ､撮る? 撮れって☆,思い出しちゃうね､初めて会った時のこと…って､ﾏｼﾞﾒすぎ☆,盛り上がってるｰ? 知ってる☆,ｱﾆﾊﾞｰｻﾘｰはぁと､受け止めて☆,お手製ﾊｰﾄで飾り付けてあげる!,寒いのに無理すんなって? 冬のﾅﾏ足は乙女の気合いだよ☆,今日はﾌﾟﾛﾃﾞｭｰｻｰもﾄﾞﾚｽｱｯﾌﾟﾓｰﾄﾞ? やｰん､ｵｼｬｶﾜじゃん☆,盛るのは大得意だし☆,ふたりで飾るﾊｰﾄの輪繋ぎ､赤い糸みたい…こｰら､離すな☆,ﾌﾟﾛﾃﾞｭｰｻｰもﾊｰﾄで飾り付けて～これでﾊﾟｰﾃｨｰの主役に決まり☆,ｵｼｬｶﾜなお洋服と､ｷﾗｷﾗに飾った事務所で､ﾊﾟｰﾃｨｰは大盛り上がり間違いﾅｼ! ﾌﾟﾛﾃﾞｭｰｻｰとの乾杯の合図は～もちろん､ｽｳｨｰﾃｨｰ☆,SR,60,17,11393,4340,9083,3460,ﾒﾓﾘｱﾙｽｳｨｰﾄ,ｷｭｰﾄ･ﾊﾟｯｼｮﾝのﾌﾛﾝﾄﾒﾝﾊﾞｰ及びﾊﾞｯｸﾒﾝﾊﾞｰ上位1人の攻 特大ｱｯﾌﾟ,,,,,,,,,,,,,,,,,,,,,
[6thｱﾆﾊﾞｰｻﾘｰ]佐藤心+,2017/11/28,いくよｰっ､ﾗﾌﾞﾘｰｼｭｶﾞｰﾊｧﾄﾋﾞｰﾑ☆こらこら､みんなｰっ! はぁとの乙女ｺﾞｺﾛと､感謝のｷﾓﾁを込めた特別なﾋﾞｰﾑだぞ♪いいから目をそらさず記念に取っとけよ☆はい､もう一回いっくよ～!,みんなの笑顔､超ｽｳｨｰﾃｨｰ♪,ﾊｰﾄも化粧もﾉﾘﾉﾘだぞ♪,もらった愛には､愛でお返し☆,乙女度に全振りのｱﾚﾝｼﾞで､お揃い衣装もはぁと色でしょ♪,盛り上がってるｰ? 知ってる☆,ｱﾆﾊﾞｰｻﾘｰはぁと､受け止めて☆,ﾊｧﾄﾋﾞｰﾑ､馬車の上から失礼☆,会場のひとりひとりを､悩殺しまくっちゃうぞ♪待ってろよ☆,ﾊｰﾄと音符が躍るｱﾆﾊﾞｰｻﾘｰLIVE､ﾌﾟﾛﾃﾞｭｰｻｰも楽しも☆ねっ☆,このﾋﾞｰﾑ…ｱﾂいぞ♪,ﾌﾟﾛﾃﾞｭｰｻｰには､愛を込めた激ｱﾂの…おい､全力で避けるな☆,ここまで頑張ったねｰ､ﾌﾟﾛﾃﾞｭｰｻｰとはぁと｡しみじみかよっ☆,ﾌﾟﾛﾃﾞｭｰｻｰが受け取ってくれるまで､狙い撃ちしちゃうんだから♪逃げんなよ…大切な､ｱﾆﾊﾞｰｻﾘｰでしょ…｡なｰんつって☆,SR+,70,17,17253,5208,13755,4152,ﾒﾓﾘｱﾙｽｳｨｰﾄ,ｷｭｰﾄ･ﾊﾟｯｼｮﾝのﾌﾛﾝﾄﾒﾝﾊﾞｰ及びﾊﾞｯｸﾒﾝﾊﾞｰ上位1人の攻 極大ｱｯﾌﾟ,,,,,,,,,,,,,,,,,,,,,
[6thｱﾆﾊﾞｰｻﾘｰ･S]佐藤心,2017/11/28,じゃじゃｰん☆ｱﾆﾊﾞｰｻﾘｰﾓｰﾄﾞの事務所に､はぁと登場ぉ! …ほら､乃々ちゃんも入った入った! 遠慮すんな～♪ﾌﾟﾛﾃﾞｭｰｻｰ､ﾊﾟｰﾃｨｰの準備進んでる? はぁとも手伝うよ♪ていうか手伝わせろ☆,みんなの笑顔､超ｽｳｨｰﾃｨｰ♪,ﾊｰﾄも化粧もﾉﾘﾉﾘだぞ♪,記念日ﾓｰﾄﾞ､撮る? 撮れって☆,思い出しちゃうね､初めて会った時のこと…って､ﾏｼﾞﾒすぎ☆,盛り上がってるｰ? 知ってる☆,ｱﾆﾊﾞｰｻﾘｰはぁと､受け止めて☆,お手製ﾊｰﾄで飾り付けてあげる!,寒いのに無理すんなって? 冬のﾅﾏ足は乙女の気合いだよ☆,今日はﾌﾟﾛﾃﾞｭｰｻｰもﾄﾞﾚｽｱｯﾌﾟﾓｰﾄﾞ? やｰん､ｵｼｬｶﾜじゃん☆,盛るのは大得意だし☆,ふたりで飾るﾊｰﾄの輪繋ぎ､赤い糸みたい…こｰら､離すな☆,ﾌﾟﾛﾃﾞｭｰｻｰもﾊｰﾄで飾り付けて～これでﾊﾟｰﾃｨｰの主役に決まり☆,ｵｼｬｶﾜなお洋服と､ｷﾗｷﾗに飾った事務所で､ﾊﾟｰﾃｨｰは大盛り上がり間違いﾅｼ! ﾌﾟﾛﾃﾞｭｰｻｰとの乾杯の合図は～もちろん､ｽｳｨｰﾃｨｰ☆,SR,60,20,19665,11700,18803,11350,ﾒﾓﾘｱﾙｽｳｨｰﾄ,,,,,,,,,,,,,,,,,,,,,,
[6thｱﾆﾊﾞｰｻﾘｰ･S]佐藤心+,2017/11/28,いくよｰっ､ﾗﾌﾞﾘｰｼｭｶﾞｰﾊｧﾄﾋﾞｰﾑ☆こらこら､みんなｰっ! はぁとの乙女ｺﾞｺﾛと､感謝のｷﾓﾁを込めた特別なﾋﾞｰﾑだぞ♪いいから目をそらさず記念に取っとけよ☆はい､もう一回いっくよ～!,みんなの笑顔､超ｽｳｨｰﾃｨｰ♪,ﾊｰﾄも化粧もﾉﾘﾉﾘだぞ♪,もらった愛には､愛でお返し☆,乙女度に全振りのｱﾚﾝｼﾞで､お揃い衣装もはぁと色でしょ♪,盛り上がってるｰ? 知ってる☆,ｱﾆﾊﾞｰｻﾘｰはぁと､受け止めて☆,ﾊｧﾄﾋﾞｰﾑ､馬車の上から失礼☆,会場のひとりひとりを､悩殺しまくっちゃうぞ♪待ってろよ☆,ﾊｰﾄと音符が躍るｱﾆﾊﾞｰｻﾘｰLIVE､ﾌﾟﾛﾃﾞｭｰｻｰも楽しも☆ねっ☆,このﾋﾞｰﾑ…ｱﾂいぞ♪,ﾌﾟﾛﾃﾞｭｰｻｰには､愛を込めた激ｱﾂの…おい､全力で避けるな☆,ここまで頑張ったねｰ､ﾌﾟﾛﾃﾞｭｰｻｰとはぁと｡しみじみかよっ☆,ﾌﾟﾛﾃﾞｭｰｻｰが受け取ってくれるまで､狙い撃ちしちゃうんだから♪逃げんなよ…大切な､ｱﾆﾊﾞｰｻﾘｰでしょ…｡なｰんつって☆,SR+,70,20,19665,11700,18803,11350,ﾒﾓﾘｱﾙｽｳｨｰﾄ,,,,,,,,,,,,,,,,,,,,,,
[ふぉーりんはぁと]佐藤心,2018/4/24,ｵｼｬﾚで可愛いｶﾌｪで､二人の時間…はぁ～ん､これって究極ｽｳｨｰﾃｨｰ☆はぁとすごいﾄﾞｷﾄﾞｷしてる♪甘くて切ないこのｷﾓﾁ､ﾌﾟﾛﾃﾞｭｰｻｰにも分けたげるね♪はい､あ～ん…っておい､無視すんな☆,はぁとを食べたい? いやん☆,悪巧みしてないよ♪たぶん☆,ﾜｲﾙﾄﾞに食らいついてこ♪,あ､写真撮り忘れた! もぉ､はぁとのｳｯｶﾘさん☆食欲に負けた☆,我慢しないで､素直になれよ♪,ときめいちゃっていいんだぞ☆,ｶﾛﾘｰは後で清算するよ☆ﾏｼﾞで,甘くて美味しぃ♪けど､ちょっと胸やけしてきたわ☆水くれ☆,実は…結構照れてるの♪あｰん､女のｺに言わせるなんて罪～☆,こらこらお邪魔はだ～め♪,一番美味しいﾄｺなんだから♪ﾌﾟﾛﾃﾞｭｰｻｰだけのｻｰﾋﾞｽ､喜べ☆,ﾌﾟﾛﾃﾞｭｰｻｰが食べてくれるまで､や～めない♪ほらほら覚悟～☆,ね､甘くてﾌﾜﾌﾜで美味しいでしょ～! 今度はﾌﾟﾛﾃﾞｭｰｻｰの番っ♪はぁとがとろける､とびっきりのあｰん…期待しても､い〜い?,SR,60,24,18113,6900,17903,6820,ｽｳｨｰﾃｨｰﾌｪｲﾝﾄ,ｷｭｰﾄ･ﾊﾟｯｼｮﾝのﾌﾛﾝﾄメンバー及びﾊﾞｯｸﾒﾝﾊﾞｰ上位5人の攻守 超絶ｱｯﾌﾟ,,,,,,,,,,,,,,,,,,,,,
[ふぉーりんはぁと]佐藤心+,2018/4/24,ぽわん☆魔法使いはぁとの､秘密のおうちへようこそ♪気になるのはﾊｰﾄのﾌﾙｰﾂ? それとも…は･ぁ･と? うふふっ､素直な子にはご褒美あげちゃう♪その代わりに…ｱﾅﾀのﾊｰﾄは貰ったぞ☆,はぁとを食べたい? いやん☆,悪巧みしてないよ♪たぶん☆,はぁとも食べ頃♪結構前から☆,甘いﾌﾙｰﾂには毒があるの｡ﾊﾝﾊﾟな覚悟じゃ食べられちゃうぞ☆,我慢しないで､素直になれよ♪,ときめいちゃっていいんだぞ☆,迷い込んだら即ｹﾞｯﾁｭ…☆,ｷｹﾝを感じても､逃れられない吸引力! それがはぁとの魅力☆,はぁとのﾒﾛﾒﾛ魔法､かけたげる♪くるくる～えいっ☆…惚れろ!,一生可愛がってあ･げ･る♪,はぁとが悪～い魔法使いでも､ﾌﾟﾛﾃﾞｭｰｻｰは味方でいて♪いろ☆,見つめていいよ…ﾌﾟﾛﾃﾞｭｰｻｰを惑わしちゃう､はぁとが悪いの☆,ﾌﾟﾛﾃﾞｭｰｻｰがはぁとにｿﾞｯｺﾝなのはﾊﾞﾚﾊﾞﾚだけど…まだ足りなぁ～い☆もっといっぱい魔法かけるから､離れられなくなあれ♪,SR+,70,24,27429,8280,27111,8184,ｽｳｨｰﾃｨｰﾌｪｲﾝﾄ,ｷｭｰﾄ･ﾊﾟｯｼｮﾝのﾌﾛﾝﾄﾒﾝﾊﾞｰ及びﾊﾞｯｸﾒﾝﾊﾞｰ上位5人の攻守 究極ｱｯﾌﾟ,,,,,,,,,,,,,,,,,,,,,
[新春はぁとふる]佐藤心,2018/12/31,凧揚げなんて､いつぶりかな～♪かわゆ～い子どもﾊﾞｰｼﾞｮﾝはぁとを想像しちゃった? いいのいいの☆その気持ちわかるし! でも今は､目の前のはぁとを見て♪新年はぁと､期間限定だぞ☆,ｽｳｨｰﾃｨｰでおﾆｭｰな春でしょ☆,はじめっから元気だしてけｰ?,伝統をｴﾝｼﾞｮｲ! ﾆｭｰｲﾔｰ､ｶﾓ～ﾝ☆,もっとｱｶﾞれ～♪太陽のその先まで見たいから☆…でいっ!,はぁとの手から､離れちゃｲﾔ～ﾝ,あぁんっ､お日様が眩すぃｰ☆,向かうところ､敵ﾅｼなんで♪,年賀状も送ったよ? 業界人だもん､当然☆ｺﾈがあるかもだし!,はい､少年♪はぁとにお任せ☆凧糸ぐんぐん伸ばしてけｰっ☆,おんどりゃっ､揚がれ～い!,じぃｰっと見ちゃってﾌﾟﾛﾃﾞｭｰｻｰってば☆え? 見てない? …え?,正月休みで肥えた体に効くわぁ…ん? 今の聞こえてた? ﾅｲｼｮ☆,大丈夫だって､ﾌﾟﾛﾃﾞｭｰｻｰ♪はぁとなら､どこまでも飛んでいけるから☆だけど､糸は切らさないでね? 返事はﾊｲ! or Yesだぞ☆,SR,60,25,19110,7280,19058,7260,明けましてｽｳｨｰﾃｨｰ,全ﾀｲﾌﾟのﾌﾛﾝﾄﾒﾝﾊﾞｰ及びﾊﾞｯｸﾒﾝﾊﾞｰ上位5人の攻守 超絶ｱｯﾌﾟ,,,,,,,,,,,,,,,,,,,,,
[新春はぁとふる]佐藤心+,2018/12/31,控えおろ～っ! ﾆｭｰｲﾔｰ･はぁとの登場だぞ☆今年一年､ｽｳｨｰﾃｨｰでﾌｧﾝﾀｽﾃｨｰｯｸな毎日にしたい､そこのｱ･ﾅ･ﾀ♪はぁとにはお見通し☆その気持ち､はぁとのﾊｰﾄに､だいれくといん☆し･て･る♪,ｽｳｨｰﾃｨｰでおﾆｭｰな春でしょ☆,はじめっから元気だしてけｰ?,新しいはぁと､今年も見せるぞ?,おわっ…! お､思った以上に速い…! た､体幹が…ぶれるぅ～っ,はぁとの手から､離れちゃｲﾔ～ﾝ,あぁんっ､お日様が眩すぃｰ☆,うりうり～☆真っすぐｺﾞｰｺﾞｰ!,一年のはぁとは､元旦にあり♪今からばっちり見ておけよｰ☆,なりふり構わずやってみろって♪失う怖さより､やらないﾂﾗさ!,壁があったら､ﾌﾞﾁ壊す☆,前向きなのがはぁとのいいところ! ﾌﾟﾛﾃﾞｭｰｻｰにも前のめり☆,幸運は自分の手で掴まないと味気ないし! ほら､手ぇ出して♪,めいっぱい遊んで､めいっぱいｱｲﾄﾞﾙする! これがはぁとの抱負♪ﾌﾟﾛﾃﾞｭｰｻｰは今年も楽しんでﾌﾟﾛﾃﾞｭｰｽすること! 約束ねっ☆,SR+,70,25,28938,8736,28859,8712,明けましてｽｳｨｰﾃｨｰ,全ﾀｲﾌﾟのﾌﾛﾝﾄﾒﾝﾊﾞｰ及びﾊﾞｯｸﾒﾝﾊﾞｰ上位5人の攻守 究極ｱｯﾌﾟ,,,,,,,,,,,,,,,,,,,,,
[夏色はぁと]佐藤心,2019/9/30,ほｰ､みんなｷﾚｲで目移りしちゃう…って､ﾌﾟﾛﾃﾞｭｰｻｰ! なになに､今もしかして､はぁとのこと見てた? やぁん､ｲｼﾞﾜﾙ～♪はぁとの隙ありﾌｪｲｽなんて､朝顔よりﾚｱなんだから☆,ﾄﾞｷｯとしちゃった? …うふふ♪,美少女も､夏の風物詩でしょ?,どれにしよっか? 悩んじゃう…,観察日記､懐かしいなぁ…｡はぁとにもちっちゃな頃はあったの,花より可憐な､はぁとだよぉ☆,見てるだけで､涼しくな～る♪,花言葉は愛情だって｡ﾏｼﾞ健気☆,浴衣の着付けは､もち自分で♪ふふっ､伊達に歳くってないし?,ﾌﾟﾛﾃﾞｭｰｻｰ､手貸して? えｰと…ほら､浴衣って､動きづらいし?,…うん? はぁとを呼んだ?,じつは…ﾌﾟﾛﾃﾞｭｰｻｰのこと､ﾄﾞｷﾄﾞｷしながら待ってたんだぞ…☆,清楚なはぁと､ﾌﾟﾛﾃﾞｭｰｻｰの心にぎゅっと絡みついちゃうかも…,どの朝顔も綺麗に咲いてるけど…ﾌﾟﾛﾃﾞｭｰｻｰが愛情たっぷりでお世話した子が､一番綺麗に咲いてるでしょ? って､ﾊｽﾞいぞ☆,SR,60,26,22575,8600,17745,6760,納涼ｽｳｨｰﾃｨｰ,ｸｰﾙ･ﾊﾟｯｼｮﾝのﾌﾛﾝﾄﾒﾝﾊﾞｰ及びﾊﾞｯｸﾒﾝﾊﾞｰ上位5人の攻 究極ｱｯﾌﾟ,,,,,,,,,,,,,,,,,,,,,
[夏色はぁと]佐藤心+,2019/9/30,もうすぐ夏本番☆熱いｱﾊﾞﾝﾁｭｰﾙが待ってるかも? なら､ﾊﾞｽﾀｲﾑで自分磨きしとこっ♪ｷｹﾝな季節も､おもいっきり楽しまなきゃね☆はぁとがお手本見せてあ･げ･る! 惚れてもいいんだぞ☆,ﾄﾞｷｯとしちゃった? …うふふ♪,美少女も､夏の風物詩でしょ?,肌見せも､どｰんとこいっ☆,ﾊｰﾄがたくさん! でも一番ﾗﾌﾞﾘｰなのはもちろんはぁとだもん♪,花より可憐な､はぁとだよぉ☆,見てるだけで､涼しくな～る♪,水着は､女の子の戦闘服っしょ!,見よ､この磨き上げたﾎﾞﾃﾞｨ! 夏の太陽より眩しい? いやんっ♪,や～ん☆ﾌﾟﾛﾃﾞｭｰｻｰってば､どこ見てんの? って､目背けんな☆,見惚れてる隙に…ﾊﾞｼｬｯ☆,ﾌﾟﾛﾃﾞｭｰｻｰ､触りたくなっちゃった? ら～め☆…今はまだ､ね♪,ﾌﾟﾛﾃﾞｭｰｻｰも一緒にﾊﾞｽﾀｲﾑ楽しんじゃおっ♪ほら､こっち来て☆,どんなに可愛くても､見てくれる人がいないと…ね♪鮮やかなお花も､愛情がいるの☆だからしっかり愛でてよね､ﾌﾟﾛﾃﾞｭｰｻｰ☆,SR+,70,26,34186,10320,26872,8112,納涼ｽｳｨｰﾃｨｰ,ｸｰﾙ･ﾊﾟｯｼｮﾝのﾌﾛﾝﾄﾒﾝﾊﾞｰ及びﾊﾞｯｸﾒﾝﾊﾞｰ上位5人の攻 究極ｱｯﾌﾟ,ﾊﾟｯｼｮﾝのﾌﾛﾝﾄﾒﾝﾊﾞｰ及びﾊﾞｯｸﾒﾝﾊﾞｰ上位5人の攻 極小ｱｯﾌﾟ,,,,,,,,,,,,,,,,,,,,
[ｽｳｨｰﾃｨｰ･ﾆｭｰｲﾔｰ]佐藤心,2020/1/9,ここの破魔矢､ご利益ﾊﾞﾂｸﾞﾝなんだって｡だから事務所に飾りましょ? どうか今年も､ﾌﾟﾛﾃﾞｭｰｻｰとみんなが健やかでありますように…って願いを込めて♪んもぅ､はぁとってば健気な子☆,はぁとを込めて､あ･け･お･め☆,三が日は､ちゃんと休めよ♪,お次は､おみくじﾁｬﾚﾝｼﾞ～♪,手が冷えたなら…はい､ｶｲﾛ! 冬はいつでも持ち歩いてるから☆,はぁとふるな日々は続くぞっ☆,いい年にしようね､一緒に♪,五円玉がない? ほれ､あげる♪,神様に､まずお礼を言わなくちゃ｡はぁとは幸せです､ってね☆,ﾌﾟﾛﾃﾞｭｰｻｰ､今年はどんな一年にしたい? はぁとは…もち幸せ♪,お願いすること､決まった?,…ん? 良妻はぁとに､ﾊｰﾄを射抜かれちゃった? なぁんちって☆,破魔矢､事務所のどこらへん飾る? 一緒に考えながら､帰ろ♪,お詣りもできたし､お守りも買ったし｡今年もいい年になりそうだ☆ってことで…ﾌﾟﾛﾃﾞｭｰｻｰ､甘酒でも飲んでから帰ろっか♪,SR,60,26,20318,7740,20160,7680,はぁとの願い☆,全ﾀｲﾌﾟのﾌﾛﾝﾄﾒﾝﾊﾞｰ及びﾊﾞｯｸﾒﾝﾊﾞｰ上位5人の攻守 究極ｱｯﾌﾟ,,,,,,,,,,,,,,,,,,,,,
[ｽｳｨｰﾃｨｰ･ﾆｭｰｲﾔｰ]佐藤心+,2020/1/9,みんな～♪新年の抱負､もう決まった～? はぁとは､はぁとらしくあること☆だって縛られるのとか､性に合わないもん｡自分らしく楽しむべしっ! てなﾜｹで～､今年もはぁとにお･ま･か･せ☆,はぁとを込めて､あ･け･お･め☆,三が日は､ちゃんと休めよ♪,新年は､賑やかでなんぼだろ☆,振袖だって良いじゃん☆女はいくつになっても､乙女だもん♪,はぁとふるな日々は続くぞっ☆,いい年にしようね､一緒に♪,新年も､はぁと不足でしょ☆,ﾗﾌﾞﾘｰﾊｧﾄﾋﾞｰﾑ､受け取って! 名付けて､しゅがｰはぁと初め♪,ﾌﾟﾛﾃﾞｭｰｻｰの望みは､はぁとが叶えるっ♪そこ､疑わなｰい☆,いい年にしろよ? ちゅっ☆,袖を振って､ﾌﾟﾛﾃﾞｭｰｻｰを呼ぶの♪こらこら､背を向けるな☆,はぁとの投げｷｯｽは､縁起物だぞ♪ﾌﾟﾛﾃﾞｭｰｻｰ､避けちゃらめぇ☆,新しい年も､な～んも心配いらないっ! ﾌﾟﾛﾃﾞｭｰｻｰには､はぁとがいるし♪今年も､楽しんだﾓﾝ勝ちだから☆最強ｺﾝﾋﾞでいこ♪,SR+,70,26,30767,9288,30528,9216,はぁとの願い☆,全ﾀｲﾌﾟのﾌﾛﾝﾄﾒﾝﾊﾞｰ及びﾊﾞｯｸﾒﾝﾊﾞｰ上位5人の攻守 究極ｱｯﾌﾟ,全ﾀｲﾌﾟのﾌﾛﾝﾄﾒﾝﾊﾞｰ及びﾊﾞｯｸﾒﾝﾊﾞｰ上位2人の攻守 極小ｱｯﾌﾟ,,,,,,,,,,,,,,,,,,,,
[ﾒﾘｸﾘ☆ﾊｰﾄ]佐藤心,2020/11/30,んもう! ﾌﾟﾛﾃﾞｭｰｻｰってば､お鼻が赤いぞ☆あったかくしなきゃら～め♪ﾌﾟﾛﾃﾞｭｰｻｰはﾄﾅｶｲじゃなくて､はぁとに幸せをくれるｻﾝﾀさんなんだから｡ってﾜｹで､はぁとだけのｻﾝﾀさん､ﾒ･ﾘ･ｸ･ﾘ☆,ｲｲｺにはﾌﾟﾚｾﾞﾝﾄ､あ･げ･る☆,ｻﾝﾀさんからのご褒美だぞ☆,ｲﾙﾐﾈｰｼｮﾝよりｷﾚｲ? 知ってる☆,ほ～ら､寒いんだから､もっとくっつこ♪離れんなって☆おい☆,ｻﾝﾀなはぁと､待ってたっしょ?,お楽しみはこれからだよ♪,ﾌﾟﾚｾﾞﾝﾄ､期待してた? しろよ…,ｸﾘｽﾏｽｿﾝｸﾞ歌ってあげる! 耳元で♪ｲﾔ～ﾝ､はぁとったら大胆☆,はぁとが居ればﾌﾟﾚｾﾞﾝﾄは要らないなんて…♪あ､言ってない?,あｰげｰ……るっ♪,ﾌﾟﾛﾃﾞｭｰｻｰもはぁとにﾌﾟﾚｾﾞﾝﾄ､あるんでしょ? え? あるよな?,今夜はﾌﾟﾛﾃﾞｭｰｻｰだけのｻﾝﾀだからな♪こ～ら､照れんな☆,ﾌﾟﾚｾﾞﾝﾄ選び､すっごく楽しかったな～♪ﾌﾟﾛﾃﾞｭｰｻｰが喜ぶ顔､何回も想像しちゃった☆…ふふっ､今､想像通りの顔してる…♪,SR,60,26,22523,8580,17798,6780,ｼｭｶﾞｰなﾌﾟﾚｾﾞﾝﾄ,全ﾀｲﾌﾟのﾌﾛﾝﾄﾒﾝﾊﾞｰ及びﾊﾞｯｸﾒﾝﾊﾞｰ上位5人の攻 究極ｱｯﾌﾟ,,,,,,,,,,,,,,,,,,,,,
[ﾒﾘｸﾘ☆ﾊｰﾄ]佐藤心+,2020/11/30,ｹｰｷに､ﾂﾘｰに､ｸﾘｽﾏｽｿﾝｸﾞ…街中に笑顔が溢れてて､ｸﾘｽﾏｽってﾜｸﾜｸしちゃう♪でもやっぱ､主役はｻﾝﾀっしょ☆ってことで､ﾌﾟﾘﾃｨｰでｽｳｨｰﾃｨｰなはぁとｻﾝﾀが幸せをお届けするから､受け取って☆,ｲｲｺにはﾌﾟﾚｾﾞﾝﾄ､あ･げ･る☆,ｻﾝﾀさんからのご褒美だぞ☆,ｽｳｨｰﾃｨｰなｶｸﾃﾙ､一杯いかが?,はぁとｻﾝﾀはｹｰｷより甘いの♪胸焼けはしないはず｡…たぶんな,ｻﾝﾀなはぁと､待ってたっしょ?,お楽しみはこれからだよ♪,ｻｲﾚﾝﾄﾅｲﾄなんて､ﾂﾏﾝﾅｲと☆,聖夜のはぁとはいつにも増してｷﾗｷﾗ…今がｼｬｯﾀｰﾁｬﾝｽだぞ☆,こんなﾌﾟﾘﾃｨｰｻﾝﾀ､ｻﾝﾀ界が放っとかないだろ♪ｽｶｳﾄ来ちゃうな?,聖夜の奇跡をお届け☆,ﾌﾟﾛﾃﾞｭｰｻｰは､365日､はぁとだけのｻﾝﾀだよ…やぁん､照れる♪,これからもふたりで､ﾌｧﾝのみんなにﾌﾟﾚｾﾞﾝﾄを届けようね☆,はぁとの欲しいﾌﾟﾚｾﾞﾝﾄ? ん～…はぁとらしい､きゃわゆ～いｸﾘｽﾏｽ! だったんだけど…もうﾌﾟﾛﾃﾞｭｰｻｰからもらったし☆,SR+,70,26,34107,10296,26951,8136,ｼｭｶﾞｰなﾌﾟﾚｾﾞﾝﾄ,全ﾀｲﾌﾟのﾌﾛﾝﾄﾒﾝﾊﾞｰ及びﾊﾞｯｸﾒﾝﾊﾞｰ上位5人の攻 究極ｱｯﾌﾟ,ｷｭｰﾄ･ﾊﾟｯｼｮﾝのﾌﾛﾝﾄﾒﾝﾊﾞｰ及びﾊﾞｯｸﾒﾝﾊﾞｰ上位5人の攻 小ｱｯﾌﾟ,,,,,,,,,,,,,,,,,,,,
[ﾌﾞﾘﾘｱﾝﾄ･はぁと]佐藤心,2021/8/26,美味しい料理に､ｵｼｬﾚなｶｸﾃﾙ…それから､ﾌﾟﾛﾃﾞｭｰｻｰ｡素敵な夜になること､間違いﾅｼ♪ん? まだ酔ってないぞ☆顔が赤いのは…なんでかな｡見つめて､お喋りして…はぁとの心､読んでみろ♪,輝いてるのは誰? そ､はぁと♪,自慢の髪…毎日ｹｱしてんの♪,言えよ☆夜景より綺麗だ…って,ﾚｱなｵﾄﾅはぁとは､発見したらﾗｯｷｰ…って珍獣扱いすんな☆,ここが､はぁとの特等席だし,ふふん､もっと見惚れろ…♪,改めて…お誘い､ありがと♪,背伸びじゃないし｡はぁとってば､ｵﾄﾅな振る舞いもお手の物☆,ｵﾄﾅっぽい? ﾄﾞｷﾄﾞｷする? ほらほら､感想､待ってるぞ…♪,ｴﾚｶﾞﾝﾄに､乾杯…☆,ﾌﾟﾛﾃﾞｭｰｻｰ､見すぎだって…え､ﾏｼﾞで見惚れてくれてる…?,いや～ん､ﾌﾟﾛﾃﾞｭｰｻｰのあつぅ～い視線で､20歳は若返ったわ☆,ﾌﾟﾛﾃﾞｭｰｻｰがはぁとの好きなお店､覚えてて､予約してくれたんだもん｡ﾒｲｸにも気合入るし…顔が赤くなるのも､ﾄｰｾﾞﾝっしょ♪,SR,60,26,20318,7740,20055,7640,みんなの瞳に乾杯☆,ｷｭｰﾄ･ﾊﾟｯｼｮﾝのﾌﾛﾝﾄﾒﾝﾊﾞｰ及びﾊﾞｯｸﾒﾝﾊﾞｰ上位5人の攻守 究極ｱｯﾌﾟ,,,,,,,,,,,,,,,,,,,,,
[ﾌﾞﾘﾘｱﾝﾄ･はぁと]佐藤心+,2021/8/26,お城にいるのは､世間知らずのﾌﾟﾘﾝｾｽ? ううん､私ははぁと｡ﾌﾞﾘﾘｱﾝﾄでｽｳｨｰﾃｨｰなﾌﾟﾘﾝｾｽ♪だから､運命の人を待つだけなんてありえない｡目が合ったら､ｱﾀｯｸあるのみ…おいそこ､隠れんな☆,輝いてるのは誰? そ､はぁと♪,自慢の髪…毎日ｹｱしてんの♪,ｵﾄﾅだって､ﾌﾟﾘﾝｾｽになれるし☆,ｷﾚｲで甘さ控えめな分…視線だけは､とびっきりｽｳｨｰﾃｨｰに､ね…,ここが､はぁとの特等席だし,ふふん､もっと見惚れろ…♪,撮って｡今だけの眩いはぁと…!,それじゃあ…舞踏会､行こっか｡ﾀﾞﾝｽもよゆｰ｡ｱｲﾄﾞﾙだからな♪,高嶺の花じゃないぞ? ちゃんと､ﾌﾟﾛﾃﾞｭｰｻｰの前で咲いてるし,上手にｴｽｺｰﾄし･ろ･よ☆,このまま投げｷｯｽしちゃおっか｡避けんなよ? お願い…♪ちゅっ,はぁとの輝きにあてられて…ほら､ﾌﾟﾛﾃﾞｭｰｻｰの瞳もｷﾗｷﾗしてる,ｷﾗｷﾗと輝いて…でも､それで終わりじゃない｡目の前のあなたが､はぁとをもっと輝かせる｡ﾌﾟﾘﾝｾｽはｵﾄﾅだから､知ってんの♪,SR+,70,26,30767,9288,30370,9168,みんなの瞳に乾杯☆,ｷｭｰﾄ･ﾊﾟｯｼｮﾝのﾌﾛﾝﾄﾒﾝﾊﾞｰ及びﾊﾞｯｸﾒﾝﾊﾞｰ上位5人の攻守 究極ｱｯﾌﾟ,ｷｭｰﾄ･ﾊﾟｯｼｮﾝのﾌﾛﾝﾄﾒﾝﾊﾞｰ及びﾊﾞｯｸﾒﾝﾊﾞｰ上位5人の攻守 極小ｱｯﾌﾟ,,,,,,,,,,,,,,,,,,,,
[ｽﾀｲﾘｯｼｭ･はぁと]佐藤心,2022/4/30,ﾎﾞﾀﾝのほつれくらい､はぁとならちょちょいのちょいだぞ? なんて､いつも支えてもらってるんだから､今日くらいは､はぁとに支えられとけ♪…母親みたい? ｵｲ､せめてお姉さんって言え☆,仕立ては､はぁとにお任せあれ,心を込めて､手際よく…ねっ♪,すぐ終わるから､待ってな☆,はぁとの私服も､手作りだし｡惚れ直したかｰ? うりうり♪,ひと針ずつ､気持ち込めてんの,誰だって? …ｱﾅﾀのはぁと､だよ,ついでにｱﾚﾝｼﾞ､いっとくか☆,佐藤は今手が離せないから､あとでねｰ…ｺﾗ､はぁとだっつの☆,こんなことするの､ﾌﾟﾛﾃﾞｭｰｻｰだけなんだぞ…もっと喜べって☆,仕立屋はぁと､出張ｻｰﾋﾞｽ♪,はぁとにやっと夢中になったか☆…ずっとそう? …ん､そっか,ﾌﾟﾛﾃﾞｭｰｻｰにはﾊﾞﾁｯと決めてもらわなきゃ｡ﾊﾟｰﾄﾅｰなんだし♪,ほら､袖通してみて…ん｡ﾊﾞｯﾁﾘ♪やん､はぁとの真面目ﾓｰﾄﾞを売り出すのはらめぇ～♪見せるのは…ﾌﾟﾛﾃﾞｭｰｻｰの前だけだぞ☆,SR,60,27,23153,8820,18008,6860,まごころ仕立て,ｸｰﾙ･ﾊﾟｯｼｮﾝのﾌﾛﾝﾄﾒﾝﾊﾞｰ及びﾊﾞｯｸﾒﾝﾊﾞｰ上位5人の攻 究極+ｱｯﾌﾟ,,,,,,,,,,,,,,,,,,,,,
[ｽﾀｲﾘｯｼｭ･はぁと]佐藤心+,2022/4/30,ようこそお客様♪当店にございますのは､どれもこだわりの逸品…『自分』を表現するための衣装です｡さぁ､お手をどうぞ｡ｱﾅﾀにとってｽｳｨｰﾃｨな一日にすることを､約束してあ･げ･るっ♪,仕立ては､はぁとにお任せあれ,心を込めて､手際よく…ねっ♪,なりたい『自分』へ…正直に,ｷﾗｷﾗを諦めない｡そんな気持ちが…この衣装には､こもってんの,ひと針ずつ､気持ち込めてんの,誰だって? …ｱﾅﾀのはぁと､だよ,ｲｹﾒﾝなﾚｱはぁと…堪能してけ♪,じ～っくり見てっていいんだぞ☆…おほん､いいんですよ…♪,服もはぁとも見たい? なら､もっと近くに…おいで､ﾌﾟﾛﾃﾞｭｰｻｰ,ｱﾅﾀへ､最高の一着を…,気になるなら､触れてもいいぞ｡ﾌﾟﾛﾃﾞｭｰｻｰは､特別だから…ね♪,可愛く､かっこよく…何より､自分らしく｡でしょ､ﾌﾟﾛﾃﾞｭｰｻｰ,今はｲｹｲｹﾓｰﾄﾞだから､目を逸らすのは通用しねｰぞ? ほら､ﾌﾟﾛﾃﾞｭｰｻｰ…こっち向いて､言えよ｡服も､はぁとも､最高だって…♪,SR+,70,27,35061,10584,27269,8232,まごころ仕立て,ｸｰﾙ･ﾊﾟｯｼｮﾝのﾌﾛﾝﾄﾒﾝﾊﾞｰ及びﾊﾞｯｸﾒﾝﾊﾞｰ上位5人の攻 究極+ｱｯﾌﾟ,ﾊﾟｯｼｮﾝのﾌﾛﾝﾄﾒﾝﾊﾞｰ及びﾊﾞｯｸﾒﾝﾊﾞｰ上位5人の攻 極小ｱｯﾌﾟ,,,,,,,,,,,,,,,,,,,,
