ユニット名,登場日,登場イベント名,メンバー1,メンバー2,メンバー3,メンバー4,メンバー5,カード,登場時セリフ1話者,登場時セリフ1セリフ,登場時セリフ2話者,登場時セリフ2セリフ,バトル時セリフ1話者,バトル時セリフ1セリフ,バトル時セリフ2話者,バトル時セリフ2セリフ,勝利時セリフ1話者,勝利時セリフ1セリフ,勝利時セリフ2話者,勝利時セリフ2セリフ,敗北時セリフ1話者,敗北時セリフ1セリフ,敗北時セリフ2話者,敗北時セリフ2セリフ,引き分け時セリフ1話者,引き分け時セリフ1セリフ,引き分け時セリフ2話者,引き分け時セリフ2セリフ
きらきらモデルfrom NSC,2014/10/10,第7回アイドルLIVEロワイヤル,佐藤心,松尾千鶴,白菊ほたる,,,[ハート・モデル]佐藤心+,心,みんなぁーステージのはぁとにぃーちゅーもーく☆うっふーん♪,千鶴,この衣装でなら、きっとLIVEステージでだって笑顔で…大丈夫！,ほたる,私も…笑顔で…,心,そうそう、その笑顔よん☆,心,いや～ん、はぁとがここまでサービスしてるのに～♪このやろ～☆,千鶴,そのセリフは、どんな笑顔で言っててもダメだと思うけど…ハッ！,ほたる,千鶴ちゃん、私たちの勝ちですよ。ほら、笑顔で応えないと,千鶴,そうだね…今の私たちは、笑顔でファンに応えられるから,千鶴,ほたるちゃん、不安な顔はナシ。自分を信じるって教わったでしょ,心,そうそう、はぁとのスウィーティーなスマイルをみて、真似しちゃえ☆
ハートオブワールド,2014/12/10,サンタDEドリームLIVEフェスティバル,佐藤心,ヘレン,,,,[えんじぇるはぁと]佐藤心+,心,はぁとがみんなの視線をクギヅケよ☆,ヘレン,視線を集めるのは得意よ！世界レベルのパフォーマンス、見せるわ！,心,キツくねーよ☆カワイイだろ☆,ヘレン,キツさすらもスパイス！,心,あれ…？はぁとたちの勝ち…だよね？…負け？どっち？,ヘレン,勝敗なんて知らないわ。ファンの記憶に残ったのは私達よ！,ヘレン,人は自分の心に嘘はつけないの。ファンは正直だったということね,心,カワイイもセクシーも、はぁとたちのLIVEがう・え・な・の☆うっふ～ん☆,心,ヘレンちゃ…さん、この貫禄で年下って…アイドル界って魔界だわ…,ヘレン,年齢なんて飾りよ！プロフで人は語れない！知っているはず！
きらきらモデルfrom NSC,2015/1/9,第9回アイドルLIVEロワイヤル,佐藤心,松尾千鶴,白菊ほたる,,,[ハート・モデル]佐藤心+,心,はぁとたち3人、なっかよし～☆みんなも、だんだんスウィーティー♪,ほたる,え…。は、はい…。そうですね、そういう部分も出てきたかも,千鶴,見習わなきゃ…自信だけ,心,それだけかよっ☆,心,ポキーン☆心の心、スウィーティーに折れた～ん。ついてなくて、めんごー,ほたる,げ、元気出してください、大丈夫…。下には下がいますから,千鶴,また勝った…。ハッ、もしかして、私たち…けっこういいトリオ？,ほたる,強気な人がいた方が、不幸も寄ってきにくいのかも…。心さん…,千鶴,もう、一息…。こうして同じ3人で組むのも、悪くない…かな,心,好きなら好きって言っちゃえよ☆あ、千鶴ちゃん、逃げた？
エリカPとしゅがーはぁと,2015/4/9,御伽公演 ふれあい狼と小さな赤ずきんちゃん,佐藤心,赤西瑛梨華,,,,[T.B.スウィーティー]佐藤心+,エリカ,ここで乱入SHI・TE・KO☆お婆さんが元気な様子で出てくるのっ！,シン,いらっしゃい、赤ずきん☆…ってお婆さん役かーい！,エリカ,ほらほら、SE・RI・HU☆,シン,今日もスウィーティーしてるぅ？,シン,いや～ん♪もう出番終わりぃ☆え、このお婆さんニセモノなの？！,エリカ,リアリティーが無いからニセモノお婆さんのシーンはNGになりMA・SHI・TA！,エリカ,はいオッケー☆この勢いと流れなら、主役の座はI・TA・DA・KI☆,シン,やっぱりそう～？はぁとが、魅力的すぎなのね～☆,シン,友情出演だけど、はぁとの魅力で、もっとグイグイでるから☆,エリカ,次はアタシと漫才しながら、スウィーティーなお笑い届けてみよっ☆
愛の使者～ラヴ・エンジェルズ～,2015/5/22,第12回アイドルLIVEロワイヤル,佐藤心,棟方愛海,,,,[えんじぇるはぁと]佐藤心+,心,みんなのエンジェル☆はぁとだぞ♪おい、こらそこ逃げんなよ☆,愛海,お山のエンジェル愛海だよ～♪心さんもなかなかいいお山で…,愛海,あたしの握力、イイカンジなの！,心,はぁとのナイスバディ、イイカンジ！,心,いやん、もぉ～☆愛海ちゃん、落ち込まずに元気出してこ♪,愛海,あたしはそのお山を登ればすごく元気が出るから…お山を～！,心,はぁとたちってスウィーティー♪勝ったご褒美にぎゅっ！サービスだぞ☆,愛海,ふおぉお！あたしの予想以上の展開で昇天…！これがエンジェル…,心,長引いたら肩と腰にくるからぁ、らめなのぉ☆…あ～しんどっ,愛海,なら、あたしが丁寧にマッサージしてあげる～！遠慮せずにほらぁ！
ブライダルモデル Age26,2015/5/31,第13回ドリームLIVEフェスティバル,佐藤心,和久井留美,三船美優,,,[はぁとの嫁入り]佐藤心+,心,白無垢のはぁとが見れるなんて、みんな幸せ者☆ このこのっ♪,留美,花嫁衣装は婚期が遅れるらしいわ。でも…仕方ないわね…,美優,私たちは、アイドルですからね,心,みんなのアイドルだもんね☆,留美,ダメね、伝えたい想いに気付いてほしい…。そう、思っ てしまうわ,美優,留美さんの気持ち…分かる気がします。でも、ファンに伝われば…,心,次は純白ドレスで勝負！美優ちゃん衣装交換しよ☆ はい脱いで♪ ,美優,そ、そんな急に…？でも…私も着ていいのなら…次は…,心,婚期が遅れたってイイだろ♪はぁとたち、アイドルとしてイケてるし☆,留美,…そうね。今はアイドルとして、目の前のことに集中しましょう
しゅがしゅが☆み～ん,2015/7/22,第13回アイドルLIVEロワイヤル,佐藤心,安部菜々,,,,[えんじぇるはぁと]佐藤心+,心,みんな～！しゅがしゅが☆み～んの時間だよぉ♪引くなよ☆,菜々,ウサミン・ミーツ・シュガァハァトです！あーちょっと引かないでください～！,心,カメラ寄りすぎてるぞ、おい☆,菜々,最近のカメラは高画質だから！,心,やぁん☆ウサミン先輩ってば、ちょースウィーティー♪一時間だけとか☆,菜々,ナナは元気いっぱいのJKですからっ！先輩って、あ…あれ？,心,あぁんっ、今日のダンスは…腰に…って音声さん、マイクは切って☆,菜々,ぜぇ、ぜぇ……ナ、ナナはっ、まだまだ、朝飯前です…っ♪ウーサミンッ！,心,ナナ先輩♪今度、一緒に飲みに行こー☆悩みとか、聞くからぁ♪,菜々,悩み…。いやいやいや、ナナは17歳なのでお酒NGです！ノウッ！
エターナルレディエイト,2015/9/30,第16回ドリームLIVEフェスティバル,佐藤心,沢田麻理菜,,,,[えんじぇるはぁと]佐藤心+,麻理菜,いつまでもキラキラと。そのための努力は惜しまないわ。でしょ、心？,心,んもう～、はぁとって呼んでって言ってるのに♪照れ屋さんっ,麻理菜,いいじゃない、タメだし♪,心,ま、マリナルならいっか☆,心,ああんっ、負けるなんてヘコむぅ…。体もガタつくってもんよねぇ。,麻理菜,あら、らしくないわね。立ち上がる方がもっと輝けるじゃない？,心,はぁととマリナル、絶好調～！おいそこ、長野の26歳ナメんな☆,麻理菜,まだまだ女盛りですもの。私たち、まだまだ進行形なのよ,麻理菜,ステージでは常に進化したいわ。同じことをやってもつまらないし,心,全力スウィーティー☆はぁとたちの魅力、どんどん見とけよ？ほら☆
女王の同級生(花嫁),2015/10/21,魔界公演　幽鬱女王とハロウィンの祝祭,佐藤心,三船美優,沢田麻理菜,,,[はぁとの嫁入り]佐藤心+,シン,はぁ～い♪残念女子会…じゃなかった、ハロウィンパーティー会場はココ？,マリナ,ルミ、だいぶヘコんでたもんねぇ。よーっし、盛り上げていこっ！,ミユ,きっと、貴方にも幸せが…,マリナ,最後は気持ちが大切よ！,ミユ,…魔界に悪魔が溢れてるように、男性も星の数ほど、いますから…,シン,ルミルミ、落ち込まないでっ☆今度、魔界の婚活パーティー行ってみる？,マリナ,大丈夫、いつか会えるわ！灼熱地獄のような恋の相手に！,ミユ,…魔族の寿命は長いですから、あと1万年くらいは余裕ですよ…,マリナ,あれ…？ルミ、もしかして立ち直ってる？んもう、心配して損した,シン,いや～ん☆スウィーティーな気分が下がっちゃう～！ゴー・トゥ・ヘル☆
スウィート☆オペレーション,2015/11/9,第14回アイドルLIVEロワイヤル,佐藤心,柳清良,,,,[スウィーティーロワイヤル]佐藤心+,清良,ようこそ。少し危険なオトナの火遊び、私たちと試してみませんか？,心,今日だけオトナの魅力を解禁☆え、年齢？いちいち聞くなよ☆,心,悪いお口は、チャックだぞ☆,清良,さぁ、ラクにしてくださいね？,心,あんっ！スウィーティー失敗☆でも、次は負けないぞ！マジで♪,清良,ふふっ、楽しい火遊びでしたよ。また一緒に遊びましょうね？,清良,甘くて熱い、私たちのステージ…胸がドキッとしちゃいましたか？,心,清良ちゃん、カッコイイー☆はぁともドキッとしちゃったぁ♪あはんっ,清良,ふふっ…オトナを怒らせたら怖いんですよね。ねぇ、心さん♪,心,そうそう☆はぁとたちにハマったら…もう抜け出せないぞ☆
ムーランルージュ,2015/12/10,アイドルLIVEロワイヤル クリスマスSP,佐藤心,柊志乃,柳清良,,,[スウィーティーロワイヤル]佐藤心+,志乃,聖夜に相応しい…極上の一杯を貴方に…ご一緒しましょう？,心,はぁとのお酒が飲めないなんて、言わせないぞ☆言うなよ☆,清良,二人とも、お酒は程々に☆,心,おいこら、歳って言うな☆,心,少し酔いすぎたかも？酒は飲んでも飲まれるな…てへぺろ☆,清良,まずは休肝日を作りましょうか。アイドルも健康第一ですから,志乃,酒は百薬の長とも言うわ…ほら、清良さんも一杯いかが？,清良,適度なお酒は嫌いじゃないわ。ふふっ、一杯いただきますね♪,志乃,お酒は…長く楽しめる方がいいわね。皆さんも一緒にどう？,心,でも、未成年はダ～メ☆はぁととの、大切な約束ねぇ～♪
エターナルレディエイト,2015/12/31,ドリームLIVEフェスティバル 新春SP,佐藤心,沢田麻理菜,,,,[はぁとの嫁入り]佐藤心+,心,うふ☆白無垢ではぁとの魅力を…って何それマリナル！和服！？,麻理菜,同じ和服でも、私は派手に、艶やかにね！アグレッシブなアレンジよ！,心,こいつは一本取られた☆,麻理菜,負けてられないからね！,心,仕事でばっかり白無垢経験値が上がってく☆せつねー☆,麻理菜,本番で役に立つと思えばいいじゃない♪んー、本番かぁ…,心,はぁとたち、イイカンジ！てか、はぁとの白無垢でどよめくなよ☆,麻理菜,ギャップというか、別人というか…ま、カワイイからいいんじゃない？,心,はぁとも羨むスウィーティー衣装…マリナル、それ今度貸して☆ねっ☆,麻理菜,オッケー！でも、その前に…熱いLIVEでファンを虜にしちゃいましょ！
ムーランルージュ（トランプ騎士団　暗中模索編）,2016/3/23,童話公演 気まぐれアリスと不思議の国,佐藤心,柊志乃,柳清良,,,[スウィーティーロワイヤル]佐藤心+,シノ,トランプ騎士団、定例飲み会…今回は、ヨーコが欠席のようね,シン,代わりにはぁとが来たぞ☆スウィーティーにガンガン飲むから♪覚悟☆,シノ,オトナの愚痴を教えてあげる,キヨラ,絡み酒ですね、うふ♪,シノ,…そろそろお開きね。話を聞いてくれて、ありがとう、アリスちゃん,キヨラ,次も、このスナックで飲みましょう。アリスちゃん、聞き上手ですよぉ♪,シノ,赤の女王にお仕えするのは…名誉なこと。それはわかってるの,シン,けどねー、やっぱ中間管理トランプってツライよね☆パワハラ、マジ勘弁♪,シン,アリスちゃんに話聞いてもらってると、とっても楽になるよね☆,キヨラ,ええ♪テキトーな気分というか…リラックス効果があるみたいですねぇ
ムーランルージュ（トランプ騎士団　独立志向編）,2016/3/23,童話公演 気まぐれアリスと不思議の国,佐藤心,斉藤洋子,柳清良,,,[スウィーティーロワイヤル]佐藤心+,キヨラ,トランプ騎士団定例飲み会です。お酒はほどほどにしましょうね♪,ヨーコ,ゴクゴク…プハッ。考えたんれすけろ、やっぱり独立れすよ、独立～！,キヨラ,独立…騎士団から？,シン,赤の女王、ガチおこだぞ☆,キヨラ,…いっそ、それも面白いかも♪しちゃいます？独立！,シン,スウィーティーなアイディア☆賛成～♪独身…違う、独立騎士団結成！,キヨラ,シノさんがいないのに、勝手に決めてもいいのかしら…？,ヨーコ,シノさんならわかってくれまひゅっ！…アリスひゃん、おかわり！,シン,アリスちゃんも賛成してくれてるし…はぁとも一発ぶちかまそ☆,ヨーコ,そうれすねぇ！独立の勢いで、そのまま城を乗っ取りましょう！
ムーランルージュ（トランプ騎士団　風雲反逆編）,2016/3/23,童話公演 気まぐれアリスと不思議の国,佐藤心,斉藤洋子,柳清良,,,[スウィーティーロワイヤル]佐藤心+,シン,ふふっ、遂に起ちあがる時が来たね。がんばろうねヨーコちゃん☆,ヨーコ,（酔いに任せた冗談が、とんでもないことになってるんだけど！）,シン,おっしゃー！スウィーティー☆,キヨラ,スウィーティー♪ふふっ,シン,さぁ、赤の女王！今日から不思議の国は我々が…あれ、いない？,キヨラ,これは…どういうことでしょうか？逃げたわけではなさそう…,シン,武運及ばず敗れても…はぁとたちは終わるときは一緒だぞ☆,ヨーコ,（なんか物騒なこと言い出してるー！？お酒飲んで忘れよう…）,キヨラ,ヨーコちゃんの鶴の一声が、私たちの運命を変えましたねぇ♪,ヨーコ,あ、あはは、そう、かな？（ここで抜けたら、何をされるか…！）
ムーランルージュ,2016/4/8,アイドルLIVEロワイヤル お花見SP,佐藤心,斉藤洋子,水野翠,,,[スウィーティーロワイヤル]佐藤心+,心,オトナのはぁとが、ファンのハートをスウィーティーに鷲掴みだぞ♪ぐゎしっ☆,洋子,私もオトナの健康美で、ファンの目をくぎ付けにしますからっ！,翠,歌声の矢を、必中させます！,心,飛び道具かー☆任せろ☆,洋子,私たちのセクシーさに酔いしれ…って、あれ？みんな引いてる…？,翠,私たちの歌の矢が、十分に届かなかったのかもしれません…,心,ぎゅぅん☆三人の魅力で、あっという間にファンのハートを鷲掴み☆,翠,狙いは正確でしたから。心さん、洋子さん、お見事でした！,洋子,翠ちゃんの真摯な眼差しが、ファンのハートを射止めたみたい！,翠,いえ…洋子さんの美しさに、ドキッとしてたんですよ。ふふっ
ビーチエンジェル,2016/7/31,水着DEドリームLIVEフェスティバル,佐藤心,三村かな子,北条加蓮,,,[常夏パラダイス]佐藤心+,かな子,夏がきましたよ～！トロピカルなパラダイス気分でいっぱいですね♪,心,スウィーティーサマーの、は・じ・ま・り☆あ、もうちょい日陰がいいかな…,かな子,プカプカ浮かびますよ～,加蓮,花たちも、ほら…キレイだよ！,かな子,加蓮ちゃん、フロートの上に横になってみて♪気持ちいいよ～,加蓮,あ…いいね、これ。水が優しく受け止めてくれてる感じ…,かな子,とってもスイートな…ううん、スウィーティーな真夏のLIVEでしたねっ♪,心,かな子ちゃん、わかってる～！スウィーティーでトロピカルなき・も・ち☆,心,若さに任せて、日焼け止めをサボっちゃダメだぞ☆うりゃっ♪,加蓮,ひゃ？あははっ、心さん、くすぐったいって！わかったってば！
カワスウィーティーなボクはぁと(仮),2016/10/31,第25回ドリームLIVEフェスティバル,佐藤心,輿水幸子,,,,[えんじぇるはぁと]佐藤心+,心,はぁと☆降臨っ♪スウィーティーな天使が来たよっ、幸子ちゃん！,幸子,スウィーティーですか。カワイイボクの次くらいにカワイイかもですね,心,年上は敬っとけ☆,幸子,年下はカワイイですよ？,心,はぁとの新ユニット、名前が決まらなくて困っちゃう☆どうするよ？,幸子,カワイイボクで十分カワイイ名前なのに…じゃあ、仮としておきましょう,心,そっかー、丁度一回り下…で・も、アイドルは年齢じゃないっしょ☆,幸子,それには賛成です。100年後もボクはカワイイままですからね！,心,タフなとこ、キライじゃないぞ☆あとはスウィーティーになれば完璧♪,幸子,尊敬できそうなセンパイですね。ボクのカワイさ、見習っていいですよ
エージェント・コール・SKS,2017/3/31,ドリームLIVEフェスティバル スプリングSP,佐藤心,柳清良,工藤忍,,,[ワーキングスウィーティー]佐藤心+,心,お待ちかね～エージェント・はぁと登場♪刈り取るのはモチロン…ねっ☆,清良,ご安心ください。何かあれば…私が適切に対処しますから♪,心,貴方のハート…刈り取るぞ☆,忍,一撃で仕留めるよ！,心,我々エージェントは不滅なの♪せ～の！スウィー…おい、静まるな☆,忍,アタシたちが放った弾は抜けない…フッ。…決めすぎたかな…,心,はぁとたちなら、未来を切り開けるよね☆力技とか言うな～！,清良,力強く、自ら切り開くことも大切ですから…時には大胆に。ウフフ,清良,冷たい鉄の塊でも、みんなのハートを熱くできているかしら…,忍,腕の見せ所、ですね。遠くのお客さんにも、熱い弾丸撃ち込もう！
ふるさと応援アイドル部,2017/4/30,ドリームLIVEフェスティバル ゴールデンウィークSP,佐藤心,双葉杏,並木芽衣子,難波笑美,藤本里奈,[えんじぇるはぁと]佐藤心+,芽衣子,帰省にはちょうどいい機会だったよね！みんなはどうだった？,笑美,やー、のんびりしたわぁ。関西の食いモンが懐かしゅーてなー,里奈,海沿いツーリングした系～,心,こっちは山ばっか☆,芽衣子,みんなの地元愛、伝わったよ！和歌山のこともよろしくね♪,里奈,愛されたり愛したりー、そんなラブリーアイドルでいくぽよ～☆,杏,ホントはね、そのまま流れで実家に引きこもりたかったんだ…,笑美,たまに帰るからええんやで！お客さん扱いしてもらえるし♪,心,いい相手がどうとか、ソレ系の小言も慣れたし☆はぁと強ぉい♪,杏,オトナにはオトナの事情ってのがあるんだねー…。いやー大変だー
スウィーティー☆ミルキーウェイ,2017/6/26,ドリームLIVEフェスティバル 七夕SP,佐藤心,及川雫,,,,[ちくっとスウィーティー]佐藤心+,雫,織姫と彦星のLIVEですー。彦星は、牽牛星とも呼ぶらしくてー。,心,はぁとは織姫星☆みんなの服も、スウィーティーにしちゃうぞ☆,雫,夜空に向かって、もぉー,心,ロマンチックな七夕にしちゃう☆,雫,よく考えたら、牽牛星は牛さんじゃなくて牛飼いさんでしたー,心,もぉ、気付いてなかったのぉ？ツッコミ待ちかと思ってたぞ☆,雫,のんびり屋に見えても、牛さんの元気は侮れませんー。もぉー！,心,雫ちゃん、かなりパワフルぅ～☆はぁと、ちょっとバテてきたわ…,雫,そして天の川はミルキーウェイですー。おいかわ牧場の牛乳もどうぞー,心,牛乳飲んで、体の芯からスウィーティー♪おっしゃ、コマーシャルオッケー☆
ムーランルージュ,2017/7/10,第24回アイドルLIVEロワイヤル,佐藤心,間中美里,柳清良,水野翠,,[スウィーティーロワイヤル]佐藤心+,心,勝負のショータイム♪みんなのハート、はぁとたちに全ベットね♪約束☆,美里,青と碧…4人のロワイヤルなステージ♪ファンの視線は、私たちのモノぉ♪,清良,見られるより、魅せますね,翠,この雰囲気なら、自然と…,翠,みなさんの歌には、心を撃ち貫くような衝撃が…。感銘しました,美里,私たちの一歩先を行く、オトナっぽさって感じぃ。見習いたいなぁ,清良,相手の心を掴む、オトナのテクニック…。,心,はぁとがハートをがっちりキャッチ♪もう逃がさないぞ、覚悟しとけ☆,心,スウィーティーアピール、まだ足りない？これ以上はデッドラインだけど～☆,翠,心さんの大胆なパフォーマンス…えっと、私も続くべきでしょうか？
エターナルレディエイト,2017/7/31,水着DEドリームLIVEフェスティバル,佐藤心,沢田麻理菜,,,,[ハート・モデル]佐藤心+,麻理菜,サマーシーズンね、熱い潮の流れ、感じさせてあげるわ…体の芯までね,心,あっれぇ～？今日のマリナルってば、しっとりエレガント系？ズルいぞ☆,麻理菜,今日は、波に…溶けるわ,心,溶けてくスウィーティー☆,麻理菜,夏の波はね、気まぐれなの、たまにはいいでしょ…ね、はぁと♪,心,んも～、はぁとって呼べって…呼んでる～！？び、びびったわ…,麻理菜,暑いほど、風の爽やかさが引き立つのね、風…起こすわよ,心,言われなくても、もう起こしてるぞ☆マリナル＆はぁとすとーむ♪,麻理菜,大丈夫よ、胸の奥には熱く激しい波が押し寄せてるからね,心,知ってる☆それじゃ、26歳の夏をみんなに全部魅せちゃうぞ☆
はぴ☆☆☆ふら,2017/8/21,第25回アイドルLIVEロワイヤル,佐藤心,諸星きらり,野々村そら,,,[えんじぇるはぁと]佐藤心+,きらり,あまあまきゃわわ～な歌ではっぴはぴにするよぉ☆うきゃ☆,心,はぁときらきら、そらそらスウィーティーってカンジ☆意味は聞くなよ☆,きらり,はぴはぴ、おっけー？,そら,いえーす、はぴねす☆,きらり,うぇへへぇ～、テンションあっげあげでお空を飛んでるみたーい☆,そら,なぜなら…まいねーむいずそら♪だからみんなふらいは～い☆,きらり,きらりんサマー、はぴはぴいっぱい見つけたぁ☆はぁとちゃんは？,心,も・ち・ろ・ん☆スウィーティーいっぱい☆暑くて倒れる寸前だけど♪,心,は～、若者は体力あるわ～、でも、スウィーティーなパワーに負けないぞ☆,そら,はぁとちゃんも超らぶりー☆LIVEできて超々はぴねすかみーん
どかぽか工務店,2017/9/30,空想公演 おえかき勇者と凍れるお姫さま,佐藤心,藤本里奈,,,,[ワーキングスウィーティー]佐藤心+,シン,勇者がくれたチェーンソーって、超スウィーティー☆大木も真っ二つ！,リナ,なーんか、お城ドチャメチャでウケる♪ドカチンドカチン建て直すぽよ～☆,シン,瓦礫もギャリギャリギュイ～ン♪,リナ,魔法のチェーンソー、パねえ☆,シン,姫を元に戻してくれたんだって？そんじゃお仕事再開～♪,リナ,おっけー、かしこまり☆おしゃかわキングダム作っちゃろ～♪,シン,はぁと好みの、スウィーティーなお城にしたげる☆おっ楽しみにぃ～♪,リナ,図面ガン無視でデコってるし☆とりま、ピンクのお城でメルヘン鬼盛り！,シン,いい汗かいてるぅ☆町もはぁともスリムシェイプで魅力アップだぞ☆,リナ,おつー。ほい、麦ティー。美味ちーおベント食べたら、もーひとガンバ☆
ムーランルージュ（ワンダー・ルージュ）,2017/11/21,第26回アイドルLIVEロワイヤル,佐藤心,冴島清美,水野翠,愛野渚,村松さくら,[スウィーティーロワイヤル]佐藤心+,渚,燃ーえーてーきーたァ！！今日はとことん熱くいっちゃおうッ！,翠,みなさんが動なら、私は静…。死角のないステージを魅せましょう,さくら,一緒に歌ってくれないと…,清美,超☆取り締まりますよ！,清美,慣れないスーツ衣装で、動きが固くなってしまったでしょうか…,さくら,だいじょーぶでぇす！一緒にストレッチしたら、すぐ回復しまぁす♪,心,カワイさもカッコよさも味わえて、オトクなステージでしょ！感謝しろよ☆,渚,みんなの笑顔にも大感謝ッ！これがなきゃLIVEじゃないもんね！,翠,この熱さが心地良くて、私もつい…はしゃぎたくなりますね,心,LIVEはハジけたもん勝ちだぞ♪一緒に思いっきりやっちゃお☆
カミング・オブ・エイジ！,2017/12/31,ドリームLIVEフェスティバル 新春SP,佐藤心,三船美優,安部菜々,,,[はぁとの嫁入り]佐藤心,菜々,今日は成人式ですねっ！ナナたちからお祝いの歌を贈ります♪,心,成人おめでとー♪これではぁとたちオトナの仲間入り☆喜べ☆,美優,新たな門出を祝して…,菜々,かんぱーいっ☆,美優,成人式…思い出深い一日になりますね。振袖に、お酒に…,菜々,はい、思い出しま…アーアー、コホン！ナナ、成人が待ち遠しいなーっ！,菜々,って、ナナは未成年なんで！成人はまだなんで！タノシミダナー,心,あれぇ～？そうだったっけ☆じゃ、ノンアルの甘酒で乾杯♪,心,成人式…振袖着れて大満足だったな～♪可愛かったんだぞ☆,美優,私も…あの日ばかりは、少し浮かれていたかもしれません
エターナルレディエイト,2018/3/14,第28回アイドルLIVEロワイヤル,佐藤心,沢田麻理菜,,,,[えんじぇるはぁと]佐藤心+,,,,,,,,,,,,,,,,,,,,
ムーランルージュ（<ハート>）,2018/5/22,第29回アイドルLIVEロワイヤル,佐藤心,高橋玲子,相原雪乃,,,[スウィーティーロワイヤル]佐藤心+,雪乃,私たちはハートの使者。魅惑のパフォーマンスで、ハートを鷲掴みですわ♪,礼子,胸の高鳴りもときめきも、私たちは全部お見通しよ…うふっ,雪乃,ハートをウォーミング,心,はぁともウォーミング☆,雪乃,胸が高鳴る舞台、楽しめましたわ♪次の機会まで、ごきげんよう,心,ふーっ、トバし過ぎたかも！休憩入れて息落ち着けてくるわ☆,雪乃,ショーはまだまだ始まったばかり。カーテンコールにはまだ早いですわ,礼子,みんなも物足りてないでしょう？心ゆくまで、付き合ってあげる,心,ズキューン♪ドキューン☆はぁとの視線でみんなイチコロ、やーんヤバすぎ♪,礼子,フレッシュだけどコクがあるアピール…素敵ね。私も続いてみようかしら
これでもくらえ☆,2018/7/31,水着DEドリームLIVEフェスティバル,佐藤心,佐城雪美,財前時子,日下部若葉,,[常夏パラダイス]佐藤心,時子,さぁ喜びなさい。私の的という、栄誉ある役に選ばれたのだから,雪美,だれが…相手でも……本気…。かっこよく……ぱーん……,若葉,さ～て、合戦開始ですよ～！,心,はぁとの腕前、味わえよ☆,心,やるな、こんにゃろ☆はぁとのハートに、命中するとこだったぞ☆,雪美,早い……でも次は…外さないよ…。クールに…ビシッと……決める…,若葉,へーい♪かも～ん、雪美ちゃん！お姉さんが胸を貸しますよ～,雪美,ふふ……うん…みんなで…水で遊ぶ……楽しい…わくわく……,時子,あーら、正面から向かってくるとは。度胸だけは褒めてあげるわ,心,お褒めに与り光栄でーす♪…と油断させて！す・き・あ・り☆
新春なでし娘,2018/12/31,ドリームLIVEフェスティバル 新春SP,佐藤心,島村卯月,二宮飛鳥,,,[新春はぁとふる]佐藤心+,卯月,みなさんの笑顔と健康を願って、神様にお祈りしますっ！,飛鳥,新たなハジマリ、新たなセカイ。生まれたての暁に、舞を捧げよう,卯月,新しい年も、笑顔で♪,心,力いっっっぱい、突撃ぃ☆,心,いやーん！二人とも、ピチピチ♪見てるだけで幸せになるぞ☆,飛鳥,重ねた歳月は多くはないね。だから、未知が広がっているのさ,飛鳥,他者と共に臨む、シンセカイ…か。フフッ、何故かな？ココに、光が視えるよ,卯月,え、ええっと…新しい年もよろしく、ってことかなっ？はい！,心,みんな～！ハッピー・ニュー・スウィーティー♪ほら、卯月ちゃんも言ってみ☆,卯月,はい、頑張りますっ！は…はっぴーにゅーすぅいーてぃー♪
着せ替え人形と仕立て屋さん,2019/4/22,玩具公演 フレンズ・イン・トイズタウン～光ともるおもちゃの町～,佐藤心,古賀小春,,,,[ちくっとスウィーティー]佐藤心+,シン,コハルちゃん、お待たせ♪今日もスウィーティーなドレス、仕立ててあげる☆,コハル,えへへ、お洋服だ～いすき♪とびきり可愛くしてくださいね～,シン,ちくちくちくっとね☆,コハル,着せ替えタイムです～♪,シン,いやん、超絶スウィーティー！最高傑作かも～？さすが、ハ・ァ・ト♪,コハル,わ～い、コハル、お姫様です～！みんなにお披露目してきます～♪,シン,ありゃりゃ？ちょっぴり失敗☆BBAのセンス、ちと古すぎたか♪,コハル,素敵ですよ～！ハートさんは、町で一番の仕立て屋さんです～♪,シン,フリルもつけたいし、リボンもつけたいしぃ…あーんっ、迷っちゃう！,コハル,全部作りましょう～♪お家のクローゼット、まだまだ入りますから～
ピンキーバウンス,2019/5/14,第35回アイドルLIVEロワイヤル,佐藤心,ライラ,棟方愛海,,,[ふぉーりんはぁと]佐藤心+,ライラ,おおー、舞台がピンク一色でございますねー。ワクワクしてきますです,愛海,自分の心に正直に！そこの君も、一緒に楽しく騒いじゃおう♪,愛海,丸くて甘くて、フワフワがいい♪,心,はぁとの心もはずんでる☆,心,めんどくさいこと全部忘れて、はぁとたちと踊り明かそうぜ☆,愛海,ついお山を見ちゃうけど…みんなでワイワイするのって楽しいよ！,愛海,楽しむ秘訣は、弾む気持ち♪だからみんなもジャンプしようっ！,ライラ,アツミさん、お客さんをじっと見てますです。情熱的ですねー,ライラ,可愛くなれる魔法、ハァトさんにかけていただきましたですねー,心,はぁとはカワイイ妖精さん♪…おい、今魔女っつったの誰だ☆
ファシネ・プレサージュ,2019/6/30,第46回ドリームLIVEフェスティバル,佐藤心,速水奏,宮本フレデリカ,,,[夏色はぁと]佐藤心+,心,あつ～い夏と一緒に、リゾート仕様なはぁとたちの登場～♪,フレデリカ,サンサンササーン、サンデリカ♪眩し過ぎるステージの予感！ヤケドにご注意☆,奏,ふふっ…視線が泳いでる,心,くらえ！スウィーティーボディ☆,心,"あ""ー、あっつー！シャワって気分転換してこよ☆脱・ベタベタ肌！",奏,身を焦がす熱視線を。まだ感じていたいけれど、続きは…今度ね,心,夏は始まったばかりだ・け・ど、大サービス♪ちゃんと見ろし☆,フレデリカ,今のうちに見ておかないと、冬になっちゃうかも！急げ～♪,フレデリカ,休憩時間に、ひと泳ぎしにいこ！冷え冷えデリカになりたいな～,奏,ええ、いいわよ。海が呼んでいる…そんな気がするものね
はぴ☆☆☆ふら,2019/7/9,第36回 アイドルLIVEロワイヤル,佐藤心,諸星きらり,野々村そら,,,[えんじぇるはぁと]佐藤心+,そら,はろーえぶりわん☆このすてーじは、とろぴかるでそーほっと！,心,つ・ま・り～「考えるな感じろ」ってこと♪ねっ？カンタンでしょ☆,そら,ふぃーるあんどだんしん！,きらり,たっくさん歌うゆ☆,きらり,うゆゆ？じぃ～っくり考えないと、ステップで混乱しちゃった～…,そら,そんな時はみんなでじゃんぴん！一緒に楽しむだんすにしよ～,心,みんな、はっぴはぴでぐっどすまいる♪あ、口調うつっちった☆,きらり,うぇへへ～♪はぁとちゃん、のりのりだね！きゃっわゆ～い☆,きらり,トロピカルでホットならぁ…せくすぃーなダンス、決めちゃお～♪,心,んじゃ、フラダンス踊ろっか♪はぁとたちのとっておきね☆
オトメなオトナのナツモヨウ☆,2019/7/31,水着DEドリームLIVEフェスティバル,佐藤心,鷹富士茄子,日下部若葉,沢田麻理菜,斉藤洋子,[夏色はぁと]佐藤心+,心,夏はオトナもうきうき♪はぁとたちとバカンス気分、味わってけ☆,若葉,濡れる準備はいいですか～？早速…わぷっ!?やりましたね～！,茄子,涼しさをお裾分けです♪,麻理菜,水しぶき、一気にあげるわ！,茄子,水に触れて、みんなで遊んで…熱い心が、シュワっと潤しました♪,洋子,大人だって、遊びに全力！じゃないともったいないですから！,若葉,わぁ、洋子ちゃんカッコイイです～！すごいスピードで目が回りそう,洋子,風がすっごく気持ちいいよ！次は若葉ちゃんもやってみて！,心,はぁ～、休憩休憩…って、ちょっ、マリナル！本気で水かけんなし☆,麻理菜,甘いわね、心。私は手加減しないわ！もう一発いくわよ、えいっ！
はみだし者の研究魚,2019/8/8,人魚公演 南海のファンタジア,佐藤心,一ノ瀬志希,,,,[ふぉーりんはぁと]佐藤心+,シン,化石採取に来たら、あらま♪そこの人間、こっちに来ーい☆,シキ,どうやって呼吸してるの？ホントに人間？もしかして突然変異？,シン,待ってまだ早い！抑えて☆,シキ,んは～、抑えらんない♪,シキ,人魚と人間、その淵源…全ての答えは～、あっちにあるとみた！,シン,ちょっ、ソッチは立ち入り禁止区域！ああんも～お守り大変すぎ☆,シキ,にゃっはー！生きてる人間の被験者1号ちゃん、実験開始ー♪,シン,あんま歓迎されてない研究だけど☆ま、だからこそ燃えるの♪,シキ,ところでハァトちゃん、献身はお好き？そのハート、未来に捧げる～？,シン,ウン、好き…なわけあるかい☆ハァトを被験者にしようとすんなし☆
☆マリナル応援団☆,2020/1/31,第51回ドリームLIVEフェスティバル,佐藤心,瀬名詩織,相馬夏美,,,[スウィーティーニューイヤー]佐藤心+,心,お・ま・た・せ！はぁとたちも一緒に盛り上げっぞ☆騒げーっ！,詩織,麻理菜さんの応援に駆けつけました。力になれれば、幸いです,夏美,アテンションプリーズ！いくわよ♪,心,せーのっ！L・O・V・E マリナル☆,夏美,気遣い上手な麻理菜さんだから、こうして人が集まるのよね♪,詩織,はい…！自然と応援したくなる、そんな力をもった方ですよね,詩織,お二人は本当に仲がいいですよね。心が通じているというか…,心,あ、心だけに？なぁんちって☆…って、照れ隠しじゃねーし！,心,この間は応援してもらったし！はぁとを込めてお返しさせて☆,夏美,ふふっ 心さんも麻理菜さんたちも、大活躍だったものね
きらきらモデルfrom NSC,2020/4/30,第53回 ドリームLIVEフェスティバル,佐藤心,諸星きらり,松尾千鶴,白菊ほたる,,[スウィーティーニューイヤー]佐藤心+,心,みんな、喜べ♪キラキラスウィーティーモデルのはぁとたちが登場だぞ☆,きらり,にっこり笑って、きゃわうぃーくいくよ☆レッツチャレンジ！だにぃ♪,ほたる,あの日、憧れた私…です！,千鶴,可愛い自分を、見せます！,きらり,上手にできたら～…ほたるちゃん！きらりと一緒に、ハイターッチ☆,ほたる,はいっ！大きくジャンプして…ハイターッチ…！できました…♪,千鶴,伝えられたかな…？可愛いに憧れるみんなが、次のスターだって,心,当然☆千鶴ちゃんが可愛いのは、はぁとがよーく知ってるし☆,ほたる,あの時と同じ…大きなステージでも、一歩ずつ進んでいくんです,心,チャレンジしたら、スウィーティーな景色が見られるって、わかってっし♪
おうちのじかん,2020/6/9,雨と歌おう♪ドリームLIVEフェスティバル,佐藤心,成宮由愛,太田優,上条春菜,,[ちくっとスウィーティー]佐藤心+,優,雨の季節がやってきたねぇ。でもでも、気分はアゲていこー☆,心,お出かけしなくても、家で楽しめること、やればいい☆でしょ♪,由愛,お絵描きしたり…,春菜,眼鏡を楽しんだり！,優,春菜ちゃんに眼鏡選んでもらいたーい！お家でオシャレ楽しもー♪,春菜,喜んで！雨の日用、晴れの日用、自宅用…色々用意しましょう！,心,雨の日はぁとは、衣装作りに勤しむの♪ちくちく☆捗るわぁ～！,由愛,聞こえる雨音が…心を落ち着かせてくれるんですよね…♪,優,由愛ちゃん、今日はどんな絵を描いてるの～？見てもいーい？,由愛,あっ……は、はい…♪今日は、雨のステージを…描いてるんです
これでもくらえ☆ with アナスタシア,2020/7/31,夜空彩る夏花火ドリームLIVEフェスティバル,佐藤心,アナスタシア,佐城雪美,財前時子,日下部若葉,[常夏パラダイス]佐藤心,アナスタシア,ふふっ、当たりました！アーニャたちからは、逃げられませんよ…♪,心,ばきゅーん☆次にハートを狙い撃ちされたいのは、どの子かなー♪,雪美,だれでも……いいよ……,時子,跪いて、乞うてみなさいな！,心,もういっちょ…んっ？あっちゃ～、水切れかよ☆ざーんねん！,時子,下僕達の、期待に満ちた顔…本当に卑しいわね。アハハッ、傑作だわ！,若葉,ふぅ！みんな、いい笑顔ですね～♪とってもまぶしいですよ～！,雪美,どこを……見ても…きらきらで…いっぱい……。きれい……,アナスタシア,もっともっと、みんなと遊びたいです！付き合ってください♪,若葉,まだ、終わりませんよ～！全力で、遊び尽くしましょうね～♪
ムーランルージュ,2020/9/9,第42回 アイドルLIVEロワイヤル,佐藤心,桐野アヤ,持田亜里沙,水野翠,,[スウィーティーロワイヤル]佐藤心+,亜里沙,さぁ…お姉さんと一緒に、この時間に酔いしれましょ♪,翠,いつもより大胆に…胸を張って！強い視線で射抜きます！,アヤ,熱く、クールに決めるぜ！,心,目を逸らすなよ☆,翠,みなさんの熱に魅了されてしまったのは…私たちの方でしたね,アヤ,ああ！体中が燃えるような感覚…たまんねーぜ！ありがとな！,亜里沙,ふふ、みんな楽しんでくれたみたい。素直で可愛いわね♪,心,遠慮しないで、もっと暴れていいんだぞ☆はぁとたちみたいに！,翠,私も、亜里沙さんを見習って…刺激的なパフォーマンスを魅せます！,亜里沙,あら…頑張る姿って、それだけでとっても刺激的なのよね♪
魔女の館/Dark Magic,2020/9/30,天冥公演 手折れぬ天使に祝福を,佐藤心,速水奏,村上巴,水木聖來,,[ふぉーりんはぁと]佐藤心+,シン,強かな魔女ってのはね、館で獲物をこっそり待つんだぞ☆,トモエ,いつでも来るがええ。完璧にもてなしちゃるけぇの…くくっ,セイラ,可愛い館…お邪魔するね,カナデ,迷い人が、またひとり…,カナデ,しかたないわね…。特別に出口を教えてあげる。こちらへどうぞ,セイラ,ありがとう。…アナタは二人とは違うのね。魔女なのに怖くないし,シン,黒魔術の罠を仕掛けてお出迎え♪出られなくなっちゃえ☆,セイラ,出口がない…!？ねぇ、元の世界に帰して！オーディションがあるの！,セイラ,どうして…？みんな笑顔なのに怖いし…この館、すごく寒い…,トモエ,顔が強張っとる…緊張しとるんか？ふふっ…くつろいだらええ
はぴ☆☆☆ふら,2020/12/31,ドリームLIVEフェスティバル 新春SP,佐藤心,諸星きらり,野々村そら,,,[えんじぇるはぁと]佐藤心+,心,喜べ～☆はぁとたちが、みんなにお年玉を配りにき・た・ぞ♪,きらり,うっきゃー！はぴはぴな気分を、みんなにフレゼントするゆ！,そら,だんすもふぉーゆー！,心,豪華三点盛りだな☆,きらり,きらりたちも、みんなからたくさんのはぴはぴ、貰えたにぃ♪,心,いやー、この年になってプライスレスのお年玉貰えるとはね、ラッキー☆,心,三倍返しなんて言わないから、素直に受け取っとけって♪,そら,そらちんたちは、みんなのすまいるがあれば、おーるおっけー！,そら,今日はっぴーなら、明日もはっぴー！一年中はっぴーだよ！,きらり,今年も、みんなはずぇーったい楽しい毎日を送るんだにぃ♪
バレンタイン振り返り会,2021/2/16,第44回アイドルLIVEロワイヤル,佐藤心,三船美優,和久井留美,服部瞳子,片桐早苗,[ふぉーりんはぁと]佐藤心+,留美,…集合！みんな、今日のテーマはわかってるわね？例のアレよ…！,美優,緊張感から無事解き放たれて…今は解放感に浸っています…,心,にしては...空気重いぞっ☆,早苗,振り返りも真剣なのよ☆,美優,前日から、ドキドキして眠れなくて…遠足前の子供みたいですね,早苗,でも、イイ顔してるじゃない☆あとはホワイトデーを待つだけね♪,瞳子,チョコレートに添える、メッセージカードも大切です。失敗できませんから…,心,ん～…はぁとなら字を間違えてもグシャッて毛虫描いちゃうな☆,留美,研究のためにいろんなチョコを食べたわ…出費と胸焼けが…うっ,瞳子,流石…プランニングと対策はばっちりね。多少の犠牲は伴うけれど
エターナルレディエイト,2021/2/28,第59回 ドリームLIVEフェスティバル,佐藤心,沢田麻理菜,,,,[ハート・モデル]佐藤心+,麻理菜,もうすぐ春風が吹く季節よね。ふんわり髪をなびかせましょ♪,心,はぁととマリナルのしっとり春モード♪大人の魅力、味わえよ☆,心,うわ、意外と風つよっ！,麻理菜,春風のイタズラね、きっと…♪,心,菜の花に桜…地元の春を思い出したわ！長野はまだ寒いよな～,麻理菜,見慣れた景色だと思ってたけど…思い出すと、すごく綺麗なの,心,風もはぁとたちに夢中ってことで！いやー、罪な女だわ♪,麻理菜,ちょうど、風を全身で感じたかったところなの。気持ちいいわ♪,心,春色のLIVEには、「心」より「はぁと」の方が合う！呼んで☆,麻理菜,頑固で強いこだわりよね。じゃあ、次の曲いくわよ、はぁと
キューティクル・ガールズ,2021/5/31,第60回 ドリームLIVEフェスティバル,佐藤心,日下部若葉,大西由里子,神谷奈緒,関裕美,[ワーキングスウィーティー]佐藤心,若葉,この季節は髪があっちこっちに跳ねて、困っちゃいますよね～,心,はぁと直伝の、髪型が崩れない方法を大公開！力技だけど☆,由里子,フッ…素直じゃない髪だじぇ,奈緒,朝のセットも大変だったよ...,由里子,えらい人は言いました…癖は強くらいがいいじぇ、と…！,裕美,そうだね。ボリュームある髪にぴったりのアレンジ、また考えようかな,裕美,ふふっ、全力で踊ったら、髪をまとめるどころじゃなかったね,心,むしろ、なびく髪が超スウィーティー♪みんなのチャームポイントだな☆,奈緒,心さんはいつも根性で寝癖を直してるのか…すごいな…,心,それもあるけど、夜のヘアケアもしてる☆髪は努力で輝くからな☆
戦う乙女たち,2021/8/17,爆烈公演 誰よりも強くあれ,佐藤心,佐久間まゆ,輿水幸子,,,[ふぉーりんはぁと]佐藤心+,シン,は～あ、また負けたわ！いつかチャンピオンになってみた～い☆,サチコ,ボク的には、カワイささえアピールできれば、結果オーライですけどね！,シン,ま、ファン獲得も大事だけどね,マユ,いろんなスタンスがありますね,マユ,そういえば、ショウコちゃん、誰かと一緒に暮らし始めたって噂が…,シン,え、あの孤高のチャンピオンが？何か心境の変化でもあったんだな！,シン,やっぱ魅了系より、武闘派の方が強そうだし…転向するか！,サチコ,簡単に言いますけど、急にできるものじゃないですからね…！？,マユ,ファイトで稼いでる人もいれば、趣味で戦ってる人もいますからね,サチコ,ファイトは使命です！ボクのカワイさを、みんなに知ってもらうための！
トレジャートライアングル,2021/8/31,第61回 ドリームLIVEフェスティバル,佐藤心,一ノ瀬志希,浅利七海,,,[えんじぇるはぁと]佐藤心+,志希,じゃーん♪にゃはは～、びっくりした？残暑トリオの登場だよ～♪,心,オイ、残暑トリオってなんだ☆もっとスウィーティーな名前にしよっ♪,志希,ん～、七海ちゃんパス♪,七海,魚介スリーなんてどうれすか？,七海,そんなわけで、七海たち、魚介スリーをこれからもよろしくれす～,志希,みんなも熱中症に気をつけて失踪してね～。残暑トリオでした～♪,七海,七海が鯖で、志希さんがサクラダイで、心さんがホンビノス貝れす！,心,う～ん…却下☆ていうかホンビノス貝って何！？初めて聞いたわ！,七海,むむむ～…心さんの心を一本釣りするネタを考えましょ～…,心,いや、海の生き物縛りは厳しいって。そもそもユニット名あるしな☆
ムーランルージュ,2021/9/9,第47回 アイドルLIVEロワイヤル,佐藤心,斉藤洋子,水野翠,柊志乃,高橋礼子,[スウィーティーロワイヤル]佐藤心+,志乃,皆の戦いに酔いしれているところ、悪いわね、私たちの時間よ,心,油断してると、はぁと達が主役を奪っちゃうぞ☆覚悟しろ☆,洋子,歌って！踊って！,志乃,まるで宴…飲みたいわ,志乃,あら、付き合ってはくれないのね、つれない人…なんてね♪,洋子,次のユニットが気になって、いてもたってもいられないのかもっ！,心,目立ちすぎて、ホントに主役、攫っちゃうかも？誰か止めろよ☆,志乃,いいんじゃない？お好みの味なら、いつまでも楽しんで…♪,翠,緊張感の続く舞台ですが、張りつめた弓ほど切れやすいもの…,礼子,優しくほぐしてあげる。ほら、遠慮しないで、心を委ねて…♪
カレンちゃん捜索隊,2021/9/30,幻妖公演 霧の中の迷い子,佐藤心,氏家むつみ,一ノ瀬志希,久川颯,,[スウィーティーニューイヤー]佐藤心,シン,カレンが妖捜しに行ったって！はぁとたちも連れてけってーの☆,シキ,大変だねー。じゃ、あたしたちも行こっか。妖…カレン捜しに♪,ハヤテ,ハーたちも見たいもん！,ムツミ,冒険…捜索隊、出発です！,ハヤテ,せっかくだし、お土産持って帰ろっと。このお花とかどうかな？,シキ,んー、イイと思うよ。匂いがアレだし、ちょっと痺れるかもだけど♪,シン,妖…じゃなかった、カレンいないねー？もっと奥まで行っちゃう？,ムツミ,はいっ！どんどん進みましょう、新たな発見をするために！,シン,進めど進めど草ばかり…ちょっと、この先道なくなってない？,シキ,ありゃ、匂いは続いてるんだけどなー。突っ切ってみよっか♪
はぴ☆☆☆ふら,2021/10/31,第62回 ドリームLIVEフェスティバル,佐藤心,諸星きらり,野々村そら,,,[ブリリアントはぁと]佐藤心+,きらり,はぴ☆☆☆ふら、きゃわゆい秋のおめかしモードで登場だにぃ☆,そら,れっつうぉーきん☆おーたむふぁっしょんしょー、開幕ー♪,心,みんなスウィーティー☆,きらり,きらんきらんだゆ♪,きらり,きゃわゆ～いお洋服を着て、はぴはぴ気分で街を歩こぉー☆,そら,気持ちも衣装にじゃすとふぃっと☆きらりんもお上品だね！,そら,そらちんたちが揃ったら、れでぃーなおーらもぱわーあっぷ☆,心,はぁともお淑やかなオトナの女に…って、いつもそうだったわ☆,心,ビビッと来た！ドングリモチーフの洋服、はぁとも作ってみよ☆,きらり,秋の落とし物だゆ☆きらりも一緒にぃ、アクセサリー作るよぉ♪
正月短し遊べよ乙女☆,2021/12/31,ドリームLIVEフェスティバル 新春SP,佐藤心,諸星きらり,首藤葵,,,[新春はぁとふる]佐藤心,心,あ・け・お・め☆遊ぶ準備万端だな♪って、同じ遊びする気ナシか!?,葵,順番で全部遊ぶっちゃ！まずは手鞠から♪よっ、えいっ！,心,うっし、負けないぞ～☆,きらり,ふたりともすっごぉ～い☆,きらり,羽根つき勝負は、きらりの勝ち♪きゃわわなハート、書いてあげゆ！,心,あぁん、はぁとの顔がさらにスウィーティーに！遠慮しなくていいぞ☆,きらり,きらりもやりたいにぃ☆手鞠で上手に、くるくる～って♪,葵,2つから始めて…慣れてきたら、3つに増やすといいっちゃよ♪,葵,心さんとは凧あげを…わわっ、体が引っ張られる～っ！？,心,ストップ ストップ☆見ててよかった～…ってか葵ちゃん、軽すぎ☆
ファシネ・プレサージュ,2022/1/18,第49回 アイドルLIVEロワイヤル,佐藤心,速水奏,宮本フレデリカ,,,[ふぉーりんはぁと]佐藤心+,心,降り積もる雪を背に、ロマンチックでスウィーティーなLIVEを始めるぞ☆,奏,澄んだ空気に、歌声だけを響かせるの。貴方は耳を澄ませてて,フレデリカ,くらえ！ネージュ・ド・ドーン☆,心,コラコラ、こっちに投げんな☆,奏,寒さで燻った貴方たちに、温もりを灯すことができたかしら,フレデリカ,まだの人は手を上げてー！凍える前にSOSを発信だー☆,心,や～ん♪みんなが送る熱視線で、はぁと、熱くなっちゃう☆,フレデリカ,雪玉触ってたら寒くなった！フレちゃんも視線で温めプリーズ♪,心,やば、本気で寒くなってきた…一旦温まりタイムとか、どーよ☆,奏,そうね。どんな人でも寄る辺は必要だもの、もちろん、私も…ね
エターナルハァトエイジ,2022/1/31,第64回 ドリームLIVEフェスティバル,佐藤心,沢田麻理菜,三船美優,安部菜々,,[えんじぇるはぁと]佐藤心+,美優,恋をしても、してなくても…大切な想い、あなたに伝えたい…,麻理菜,そんな季節がやってきたわ！みんな、波に乗り遅れないでね♪,菜々,あなたの心めがけて！,心,よっしゃ、狙い撃ち☆,美優,2月14日に、想いを伝えたい…そんな人の、後押しができたら…,心,今日、ばーんと背中押したい！振り返る時は、はぁとも呼べよ☆,心,んじゃ、いっちょ空から歌のエールを！…ちょっと高すぎじゃね？,麻理菜,そう？気持ちよさそうよ？波に揺られているみたいで♪,菜々,実は最近、味見でチョコを食べ過ぎて…いろいろ気になってます！,麻理菜,大丈夫よ！まだLIVEは続くもの。食べた分だけ、動きましょ♪
どかぽか工務店（校内工事中☆）,2022/3/31,綺羅公演 ギャルはいつでもオシャリスト★,佐藤心,藤本里奈,,,,[ワーキングスウィーティー]佐藤心+,リナ,午前の分、終わりんちょ☆親方～、ちょっち休憩入りゃーっす！,シン,うっし、お疲れ☆こっちももうすぐ終わるから、休憩すっか♪,シン,今日も、工事が捗るわー☆,リナ,親方、まじかっけー♪,リナ,アタシの友だちも、頑張り屋だかんね！負けてらんないっしょ♪,シン,リナちゃんの友だち、酉ノ宮だっけ？ハァトも会ってみたいわー♪,シン,バリバリ働いて、リナちゃんは偉いっ！スウィーティー賞をあげるぞ☆,リナ,仕事、たのちーかんね☆ズガガガ～って爆音聞くと、まぢアガる！,シン,今日は早上がりにして、一緒にご飯な☆女子会ってことで！,リナ,ヤババ～！ラーメンか焼き肉か…ファミレス？めっちゃ迷うぢゃん！
OTONA・ウェディング,2022/5/31,第66回 ドリームLIVEフェスティバル,佐藤心,川島瑞樹,高垣楓,片桐早苗,三船美優,[はぁとの嫁入り]佐藤心+,瑞樹,ついに楓ちゃんもウェディングデビューね。着た感想は、どうかしら？,楓,私だけ、タキシードですが…みんなとお揃いになれて、嬉シード…♪,心,楓ちゃんは通常運転だな☆,美優,そこが魅力、ですから...♪,楓,どうぞ、見惚れていってください。特別な日の、私の姿に…♪,心,コラ、楓ちゃんばっかり見んな☆特別なはぁとにも見惚れてけ♪,早苗,花嫁全員でブーケトスとかしてみる？取れる確率も上がるわよ～！,美優,いいですね。観客席のみなさんにも、幸せをお届けです…♪,瑞樹,結婚したい時が適齢期よ。今は、みんなと飲む方が楽しいわね♪,楓,誓うのは…いつまでも、みんなと健やかに晩酌を…ですね♪
衣装担当☆カリスマデザイナーズ,2022/6/30,輝劇公演 星降る夜と舞台の光,佐藤心,ナターリア,城ヶ崎美嘉,キャシー・グラハム,西川保奈美,[ちくっとスウィーティー]佐藤心,ミカ,今年も面白そうな劇団がたくさん出るね！ガンガン衣装作ろっ★,ナターリア,ナターリア、ポップでギャルな衣装をイッパイ作るんダ♪キラキラでカワイイの！,キャシー,あたしはクール系担当一♪,ホナミ,スタイリッシュにキメたいわね！,キャシー,みんなをより輝かせるために！粋で華やかに仕立てようっ♪,ミカ,誰一人、後悔してほしくない。アタシたちも、真剣勝負なんだ★,シン,おーい！生地届いたぞ☆余ったら好きに使っていいかんな☆,ナターリア,ほんとカ？ナターリア、ハギレでマスコットバナナくんのお洋服作りたいナ☆,ホナミ,私たち、カリスマデザイナーズが作るからには、失敗は許されないわ！,シン,んん！気合バッチリだな☆時間も少ないし、はぁとも…あ、腰イタッ
はぴ☆☆☆ふら,2022/8/31,第67回 ドリームLIVEフェスティバル,佐藤心,諸星きらり,野々村そら,,,[スタイリッシュはぁと]佐藤心+,心,仕立屋はぴ☆☆☆ふらへ、ようこそいらっしゃいました…♪,きらり,はっぴはっぴになるお洋服、きらりたちがご用意してあげゆ☆,そら,くーる☆にきめちゃお♪,心,特別仕様...だぞ☆,心,持って生まれた個性だろ、ぐいぐいアピールしないと勿体ないぞ☆,そら,あぴーるははっぴーの近道☆みんなではっぴーになろー♪,そら,うん、ばっちぐー！どきどき☆なすたいるちぇんじ、成功ー♪,きらり,うぇへへ☆お出かけでテンションあっぷあっぷ、間違いなしだにぃ♪,きらり,ファッションは、好きをい～っぱい伝えられるんだぁ☆うきゃーっ♪,心,望んだ未来はいつでも掴めるって…はぁとが証明してあげる☆
キャッチYOU!,2022/9/30,第68回 ドリームLIVEフェスティバル,佐藤心,ナターリア,及川雫,相葉夕美,高森藍子,[ふぉーりんはぁと]佐藤心+,夕美,キレイな魂のヒトが来たね。愛情たっぷり注いで、育ててあげる…♪,藍子,わぁ…！私は写真を撮って、専用のアルバムを作りたいですっ♪,心,ライバル4人！争奪戦じゃね？,雫,私も負けませんよー♪,心,逃がすか☆異界の果てまで追い詰めるから、覚悟してろよ☆,ナターリア,追いかけっこは得意なんダ！ドキドキしながら、逃げてみせてネ！,ナターリア,素敵なヒトをナターリアのものにしたら、ミシナに自慢するんダ！エへへッ,夕美,独り占めはだーめっ。素敵なことは、みんなで分けっこしよう♪,雫,美味しい物をいーっぱい用意して、おっきく育ててあげますー,藍子,だから、ずーっとここにいてください。私たちの隣に…ふふっ♪
オンリーワン・コレクション,2022/10/13,第53回 アイドルLIVEロワイヤル,佐藤心,佐城雪美,水本ゆかり,関裕美,砂塚あきら,[スタイリッシュはぁと]佐藤心+,ゆかり,異なる魅力と、本来の魅力…ふたつを重ねて、奏でましょう,心,しっかり味わえよ☆はぁとたちの、変幻自在のミ・リョ・クっ♪,雪美,今……迎えに……いくね,あきら,＃映えユニットで ＃狙い撃ち,雪美,新しい……私……みんなに……好きになってて……ほしいな……,ゆかり,では、さらに広めていきましょう。生まれ変わった私たちを…♪,あきら,＃大歓声 ＃新規ファン大量獲得 さすがのキメ顔だね、裕美サン,裕美,自信は…あるかな。この目も、今の私の大切な武器だからね,心,衣装に背中、押して貰ったんだし、自分を貫かなきゃ損だろ☆,あきら,もっとさらけ出そうよ。ありのままの方が熱くなれるでしょ
志希を応援！ワンダーカラーズ,2022/10/31,第69回 ドリームLIVEフェスティバル,佐藤心,浅利七海,櫻井桃華,池袋晶葉,,[えんじぇるはぁと]佐藤心+,晶葉,ふっふっふ…私たちが志希の応援か。大役を任されたものだ,心,志希ちゃんが最高のパフォーマンスが出来るように、空気作んぞ☆,七海,ついてきてくらさいね～,桃華,華やかに舞いますわ♪,桃華,どんなステージを魅せてくださるか…わたくしも楽しみですの,心,きっと香水みたいに甘い歌声で、みんなの心を鷲掴み☆だな♪,七海,本番前に志希さんのセットを見たんれすけど、深海みたいれした～,晶葉,暗いと落ち着くのはわかるな。しかし深海か…幻想的な例えだ,心,言っとくど前座じゃないぞ☆はぁとたちにも夢中になれよ♪,七海,主役の座はお譲りしますけど、手を抜くつもりはないのれす～
Ready? After!,2022/11/15,第54回 アイドルLIVEロワイヤル,佐藤心,三船美優,川島瑞樹,柊志乃,高橋礼子,[ハート・モデル]佐藤心+,瑞樹,熱い視線…火傷しそう。いいわ、私たちに酔いしれていって♪,心,はぁとがオトナの魅力、教えてあ・げ・る♪いらない？受け取れ☆,美優,私も、みなさんのように...！,志乃,自然体でいいのよ...♪,礼子,最後の一滴まで、味わった感想はどう？…ふふ、聞かせて♪,志乃,オトナはずるいものなのよ。欲しい言葉を、引き出せるの…♪,瑞樹,あら、私たちも酔わされちゃったわね…♪ふふ、心地いいわ,礼子,終わりじゃないでしょう？刺激を求めて、身体がアツいのよ,美優,少し、大胆に…♪貴方の心を奪い去ってしまいたいから…,心,押して押しまくる！引いてちゃスウィーティーアピールできないからな☆
